{
    "SoundPath": "134254911",
    "describe": "",
    "name": "EvilSylvanasWhat3",
    "res_name": "EvilSylvanasWhat3.wav",
    "key": 134254911,
    "Format": "wav",
    "uid": 134254911,
    "IsCustom": true,
    "version": 1,
    "sub_type": "sound",
    "custom_editor_type": "custom_editor_sound",
    "source": "code_Source_Import",
    "md5": "a0ebe7d4851de7d6f6ef3443e9025e8b",
    "res_type": "editor_sound",
    "import_export_folder_info": "/code_explorer_custom_root_folder_name/\u9ed1\u6697\u6e38\u4fa0"
}