{
    "editor_model": {
        "model_id": 134272424,
        "select_effect_scale": 1.0,
        "describe": "Mdx\\\u54c8\u62c9\u751f\u547d\u4f7f\u8005",
        "name": "\u54c8\u62c9\u751f\u547d\u4f7f\u8005",
        "key": 134272424,
        "socket_info": {},
        "size": 1.0,
        "version": 1,
        "sub_type": "mdx",
        "custom_editor_type": "custom_editor_model",
        "uid": "editor_model_134272424",
        "res_type": "kkres",
        "md5": "a8135c3d12f974fd69295c90bc4d0b79"
    },
    "model": {
        "meshes": [],
        "mdx_path": "Mdx\\\u54c8\u62c9\u751f\u547d\u4f7f\u8005.mdx",
        "model_id": 134272424,
        "name": "Mdx\\\u54c8\u62c9\u751f\u547d\u4f7f\u8005",
        "physics_meshes": [
            "custom_editor_model/mdx/AutoPhy_\u54c8\u62c9\u751f\u547d\u4f7f\u8005.mdx"
        ],
        "mdx_textures": [
            "units/Human/HeroPaladinBoss/HeropaladinBoss",
            "Textures/RibbonBlur1",
            "Textures/Yellow_Star_Dim"
        ],
        "mdx_sounds": [
            "sound/Units/Human/HeroPaladin//HeroPaladinDeath.wav",
            "sound/Units/Human/HeroPaladin//HeroPaladinAttack1.wav",
            "sound/Units/Human/HeroPaladin//HeroPaladinAttack2.wav",
            "sound/Sound/Units/Human//HumanDissipate1.wav"
        ],
        "pickbound": [
            1.4213745594024658,
            1.185590386390686
        ]
    },
    "preview_icon": {},
    "sub_type": "mdx",
    "res_type": "editor_model",
    "import_export_folder_info": "/code_explorer_custom_root_folder_name/\u4eba\u65cf/\u751f\u7269"
}