{
    "editor_model": {
        "model_id": 134249091,
        "select_effect_scale": 1.0,
        "describe": "Mdx\\\u7267\u5e08",
        "name": "\u7267\u5e08",
        "key": 134249091,
        "socket_info": {},
        "size": 1.0,
        "version": 1,
        "sub_type": "mdx",
        "custom_editor_type": "custom_editor_model",
        "uid": "editor_model_134249091",
        "res_type": "kkres",
        "md5": "7fc11c7bc6e66e67a08d35463eff268c"
    },
    "model": {
        "meshes": [],
        "mdx_path": "Mdx\\\u7267\u5e08.mdx",
        "model_id": 134249091,
        "name": "Mdx\\\u7267\u5e08",
        "physics_meshes": [
            "custom_editor_model/mdx/AutoPhy_\u7267\u5e08.mdx"
        ],
        "mdx_textures": [
            "Textures/Priest",
            "Textures/gutz",
            "Textures/Yellow_Star_Dim"
        ],
        "mdx_sounds": [
            "sound/Units/Human/Priest//PriestDeath.wav"
        ],
        "pickbound": [
            0.476813942193985,
            1.2236734628677368
        ]
    },
    "preview_icon": {},
    "sub_type": "mdx",
    "res_type": "editor_model",
    "import_export_folder_info": "/code_explorer_custom_root_folder_name/\u4eba\u65cf/\u751f\u7269"
}