{
    "134247439": {
        "editor_effect": {
            "model_id": 134258534,
            "preview_icon": "",
            "name": "\u86c7\u66b4\u70b9",
            "describe": "134247439",
            "key": 134247439,
            "res_type": "kkres",
            "res_identify": "",
            "scale": 1.0,
            "uid": "134247439",
            "source_effect": [
                100806
            ],
            "version": 1,
            "md5": "5377a8d27c504d8774ea12675cab4b27",
            "deps_info": {
                "deps": [
                    [
                        "editor_icon",
                        902156
                    ],
                    [
                        "editor_icon",
                        901307
                    ],
                    [
                        "editor_icon",
                        901056
                    ],
                    [
                        "editor_icon",
                        901868
                    ]
                ],
                "sound_id_list": [
                    110774
                ]
            }
        },
        "model": {
            "name": "\u86c7\u66b4\u70b9",
            "model_id": 134258534,
            "effect_path": "Fx_Effect/Cartoon/Fx_Common/Hit/Hit_hit_poison_02_copy",
            "meshes": [],
            "custom": true,
            "effect_keep": false,
            "effect_max_life": 1.949999995,
            "is_beam_effect": false
        }
    },
    "sub_type": null,
    "res_type": "editor_effect",
    "import_export_folder_info": "/code_explorer_custom_root_folder_name"
}