{
    "editor_model": {
        "model_id": 134227275,
        "select_effect_scale": 1.0,
        "describe": "Mdx\\\u8428\u91cc\u6cd5\u65af",
        "name": "\u8428\u91cc\u6cd5\u65af",
        "key": 134227275,
        "socket_info": {},
        "size": 1.0,
        "version": 1,
        "sub_type": "mdx",
        "custom_editor_type": "custom_editor_model",
        "uid": "editor_model_134227275",
        "res_type": "kkres",
        "md5": "95fc1bd294cd433c7441b4f404503600"
    },
    "model": {
        "meshes": [],
        "mdx_path": "Mdx\\\u8428\u91cc\u6cd5\u65af.mdx",
        "model_id": 134227275,
        "name": "Mdx\\\u8428\u91cc\u6cd5\u65af",
        "physics_meshes": [
            "custom_editor_model/mdx/AutoPhy_\u8428\u91cc\u6cd5\u65af.mdx"
        ],
        "mdx_textures": [
            "Textures/GreenDragon",
            "Textures/Shockwave1b",
            "Textures/Tj_BloodSput",
            "ReplaceableTextures/Weather/Clouds8x8"
        ],
        "mdx_sounds": [
            "sound/Units/Creeps/AzureDragon//DragonDeath1.wav",
            "sound/Units/Creeps/BlackDragon//BlackDragonAttack1.wav",
            "sound/Units/Orc/KotoBeast//Devour.wav"
        ],
        "pickbound": [
            1.3807244300842285,
            2.096749782562256
        ]
    },
    "preview_icon": {},
    "sub_type": "mdx",
    "res_type": "editor_model",
    "import_export_folder_info": "/code_explorer_custom_root_folder_name/\u7cbe\u7075\u65cf/\u751f\u7269"
}