{
    "editor_model": {
        "model_id": 134231543,
        "select_effect_scale": 1.0,
        "describe": "Mdx\\\u517d\u680f",
        "name": "\u517d\u680f",
        "key": 134231543,
        "socket_info": {},
        "size": 1.0,
        "version": 1,
        "sub_type": "mdx",
        "custom_editor_type": "custom_editor_model",
        "uid": "editor_model_134231543",
        "res_type": "kkres",
        "md5": "5f8b2862d942cc127fc25f89528d966b"
    },
    "model": {
        "meshes": [],
        "mdx_path": "Mdx\\\u517d\u680f.mdx",
        "model_id": 134231543,
        "name": "Mdx\\\u517d\u680f",
        "physics_meshes": [
            "custom_editor_model/mdx/AutoPhy_\u517d\u680f.mdx"
        ],
        "mdx_textures": [
            "buildings/Orc/Beastiary/Beastiary",
            "Textures/DeathSmug",
            "Textures/OrcBirth",
            "Textures/Base",
            "Textures/CloudSingleBlend",
            "ReplaceableTextures/Weather/Clouds8x8",
            "Textures/Yellow_Glow",
            "Textures/RockParticle",
            "Textures/SpinningBoard",
            "Textures/CartoonCloud",
            "Textures/Dust5A",
            "Textures/Dust3x"
        ],
        "mdx_sounds": [
            "sound/Sound/Buildings/Death//BuildingDeathLargeOrc.wav"
        ],
        "pickbound": [
            1.6450419425964355,
            2.977530002593994
        ]
    },
    "preview_icon": {},
    "sub_type": "mdx",
    "res_type": "editor_model",
    "import_export_folder_info": "/code_explorer_custom_root_folder_name/\u517d\u65cf/\u5efa\u7b51"
}