{
    "SoundPath": "134258507",
    "describe": "",
    "name": "EvilSylvanasWhat2",
    "res_name": "EvilSylvanasWhat2.wav",
    "key": 134258507,
    "Format": "wav",
    "uid": 134258507,
    "IsCustom": true,
    "version": 1,
    "sub_type": "sound",
    "custom_editor_type": "custom_editor_sound",
    "source": "code_Source_Import",
    "md5": "71cb8f2487124dbe2fcd17e3f66e71a9",
    "res_type": "editor_sound",
    "import_export_folder_info": "/code_explorer_custom_root_folder_name/\u9ed1\u6697\u6e38\u4fa0"
}