{
    "134252892": {
        "editor_effect": {
            "model_id": 134226139,
            "preview_icon": "",
            "name": "\u5deb\u5996\u5bfc\u5f39\u7206\u70b9",
            "describe": "134252892",
            "key": 134252892,
            "res_type": "kkres",
            "res_identify": "",
            "scale": 1.0,
            "uid": "134252892",
            "source_effect": [
                102295
            ],
            "version": 1,
            "md5": "a3acaf817503863ba3f404312346568e",
            "deps_info": {
                "deps": [
                    [
                        "editor_icon",
                        902288
                    ],
                    [
                        "editor_icon",
                        901205
                    ],
                    [
                        "editor_icon",
                        901842
                    ],
                    [
                        "editor_icon",
                        902390
                    ],
                    [
                        "editor_icon",
                        901536
                    ],
                    [
                        "editor_icon",
                        900945
                    ],
                    [
                        "editor_icon",
                        900394
                    ],
                    [
                        "editor_icon",
                        902212
                    ],
                    [
                        "editor_icon",
                        902156
                    ]
                ],
                "sound_id_list": []
            }
        },
        "model": {
            "name": "\u5deb\u5996\u5bfc\u5f39\u7206\u70b9",
            "model_id": 134226139,
            "effect_path": "Fx_Effect/Realism/Fx_Common/Hit/Hit_ice_011_copy",
            "meshes": [],
            "custom": true,
            "effect_keep": false,
            "effect_max_life": 1.0,
            "is_beam_effect": false
        }
    },
    "sub_type": null,
    "res_type": "editor_effect",
    "import_export_folder_info": "/code_explorer_custom_root_folder_name"
}