{
    "editor_model": {
        "model_id": 134238708,
        "select_effect_scale": 1.0,
        "describe": "Mdx\\\u590d\u4ec7\u5929\u795e",
        "name": "\u590d\u4ec7\u5929\u795e",
        "key": 134238708,
        "socket_info": {},
        "size": 1.0,
        "version": 1,
        "sub_type": "mdx",
        "custom_editor_type": "custom_editor_model",
        "uid": "editor_model_134238708",
        "res_type": "kkres",
        "md5": "6a1a9af7146a8dff84df4690a55aee40"
    },
    "model": {
        "meshes": [],
        "mdx_path": "Mdx\\\u590d\u4ec7\u5929\u795e.mdx",
        "model_id": 134238708,
        "name": "Mdx\\\u590d\u4ec7\u5929\u795e",
        "physics_meshes": [
            "custom_editor_model/mdx/AutoPhy_\u590d\u4ec7\u5929\u795e.mdx"
        ],
        "mdx_textures": [
            "units/NightElf/SpiritOfVengeance/Black128",
            "Textures/Purple_Glow",
            "Textures/RibbonBlur1b",
            "Textures/Clouds8x8Mod",
            "Textures/ShockwaveWater1",
            "Textures/Purple_Star"
        ],
        "mdx_sounds": [
            "sound/Units/NightElf/HeroWarden//FanOfKnives.wav"
        ],
        "pickbound": [
            1.0028207302093506,
            2.6729509830474854
        ]
    },
    "preview_icon": {},
    "sub_type": "mdx",
    "res_type": "editor_model",
    "import_export_folder_info": "/code_explorer_custom_root_folder_name/\u7cbe\u7075\u65cf/\u751f\u7269"
}