{
    "editor_model": {
        "model_id": 134283151,
        "select_effect_scale": 1.0,
        "describe": "Mdx\\\u731b\u79bd\u5fb7\u9c81\u4f0a",
        "name": "\u731b\u79bd\u5fb7\u9c81\u4f0a",
        "key": 134283151,
        "socket_info": {},
        "size": 1.0,
        "version": 1,
        "sub_type": "mdx",
        "custom_editor_type": "custom_editor_model",
        "uid": "editor_model_134283151",
        "res_type": "kkres",
        "md5": "6423c0e731c00bc9349795972b908d3f"
    },
    "model": {
        "meshes": [],
        "mdx_path": "Mdx\\\u731b\u79bd\u5fb7\u9c81\u4f0a.mdx",
        "model_id": 134283151,
        "name": "Mdx\\\u731b\u79bd\u5fb7\u9c81\u4f0a",
        "physics_meshes": [
            "custom_editor_model/mdx/AutoPhy_\u731b\u79bd\u5fb7\u9c81\u4f0a.mdx"
        ],
        "mdx_textures": [
            "units/NightElf/DruidOfTheTalon/DruidottheTalon",
            "units/NightElf/DruidOfTheTalon/Raven",
            "units/NightElf/DruidOfTheTalon/ButterFly",
            "Textures/gutz",
            "Textures/Star7b",
            "Textures/Clouds8x8"
        ],
        "mdx_sounds": [
            "sound/Units/NightElf/DruidOfTheTalon//DruidOfTheTalonDeath1.wav",
            "sound/Units/NightElf/DruidOfTheTalon//DruidOfTheTalonDeathAlternate1.wav",
            "sound/Units/NightElf/DruidOfTheTalon//DruidOfTheTalonMorph1.wav",
            "sound/Units/NightElf/DruidOfTheTalon//DruidOfTheTalonMorphAlternate1.wav"
        ],
        "pickbound": [
            0.8722804188728333,
            1.6191580295562744
        ]
    },
    "preview_icon": {},
    "sub_type": "mdx",
    "res_type": "editor_model",
    "import_export_folder_info": "/code_explorer_custom_root_folder_name/\u7cbe\u7075\u65cf/\u751f\u7269"
}