{
    "editor_model": {
        "model_id": 134220356,
        "select_effect_scale": 1.0,
        "describe": "Mdx\\\u517d\u65cf\u9b54\u529b\u6218\u8230",
        "name": "\u517d\u65cf\u9b54\u529b\u6218\u8230",
        "key": 134220356,
        "socket_info": {},
        "size": 1.0,
        "version": 1,
        "sub_type": "mdx",
        "custom_editor_type": "custom_editor_model",
        "uid": "editor_model_134220356",
        "res_type": "kkres",
        "md5": "a7cd75418baceb89293203587499da11"
    },
    "model": {
        "meshes": [],
        "mdx_path": "Mdx\\\u517d\u65cf\u9b54\u529b\u6218\u8230.mdx",
        "model_id": 134220356,
        "name": "Mdx\\\u517d\u65cf\u9b54\u529b\u6218\u8230",
        "physics_meshes": [
            "custom_editor_model/mdx/AutoPhy_\u517d\u65cf\u9b54\u529b\u6218\u8230.mdx"
        ],
        "mdx_textures": [
            "units/Critters/OrcJuggernaught/Orc_juggernaught",
            "Textures/Clouds8x8",
            "Textures/WaterWake2"
        ],
        "mdx_sounds": [
            "sound/Doodads/Northrend/Water/Battleship//BattleShipDeath1.wav"
        ],
        "pickbound": [
            1.5269278287887573,
            1.7193589210510254
        ]
    },
    "preview_icon": {},
    "sub_type": "mdx",
    "res_type": "editor_model",
    "import_export_folder_info": "/code_explorer_custom_root_folder_name/\u517d\u65cf/\u751f\u7269"
}