{
    "editor_model": {
        "model_id": 134251497,
        "select_effect_scale": 1.0,
        "describe": "Mdx\\\u7075\u9b42\u98de\u9f99",
        "name": "\u7075\u9b42\u98de\u9f99",
        "key": 134251497,
        "socket_info": {},
        "size": 1.0,
        "version": 1,
        "sub_type": "mdx",
        "custom_editor_type": "custom_editor_model",
        "uid": "editor_model_134251497",
        "res_type": "kkres",
        "md5": "aaed86090dcc18303cca7864ed472c74"
    },
    "model": {
        "meshes": [],
        "mdx_path": "Mdx\\\u7075\u9b42\u98de\u9f99.mdx",
        "model_id": 134251497,
        "name": "Mdx\\\u7075\u9b42\u98de\u9f99",
        "physics_meshes": [
            "custom_editor_model/mdx/AutoPhy_\u7075\u9b42\u98de\u9f99.mdx"
        ],
        "mdx_textures": [
            "units/Orc/SpiritWyvern/WyvernRider",
            "Textures/Yellow_Glow_Dim",
            "Textures/Clouds8x8",
            "Textures/ShockwaveWater1"
        ],
        "mdx_sounds": [
            "sound/Units/Orc/WyvernRider//WyvernRiderDeath.wav"
        ],
        "pickbound": [
            1.6442084312438965,
            2.451819896697998
        ]
    },
    "preview_icon": {},
    "sub_type": "mdx",
    "res_type": "editor_model",
    "import_export_folder_info": "/code_explorer_custom_root_folder_name/\u517d\u65cf/\u751f\u7269"
}