{
    "editor_model": {
        "model_id": 134255584,
        "select_effect_scale": 1.0,
        "describe": "Mdx\\\u517d\u65cf\u6218\u4e89\u9996\u9886",
        "name": "\u517d\u65cf\u6218\u4e89\u9996\u9886",
        "key": 134255584,
        "socket_info": {},
        "size": 1.0,
        "version": 1,
        "sub_type": "mdx",
        "custom_editor_type": "custom_editor_model",
        "uid": "editor_model_134255584",
        "res_type": "kkres",
        "md5": "30066602ce2b608bed6a8819f7a63451"
    },
    "model": {
        "meshes": [],
        "mdx_path": "Mdx\\\u517d\u65cf\u6218\u4e89\u9996\u9886.mdx",
        "model_id": 134255584,
        "name": "Mdx\\\u517d\u65cf\u6218\u4e89\u9996\u9886",
        "physics_meshes": [
            "custom_editor_model/mdx/AutoPhy_\u517d\u65cf\u6218\u4e89\u9996\u9886.mdx"
        ],
        "mdx_textures": [
            "units/Demon/ChaosWarlord/ChaosWarlord",
            "units/Demon/ChaosWarlord/Dust1_A"
        ],
        "mdx_sounds": [
            "sound/Units/Orc/Wolfrider//RaiderDeath.wav"
        ],
        "pickbound": [
            0.7655402421951294,
            1.461242914199829
        ]
    },
    "preview_icon": {},
    "sub_type": "mdx",
    "res_type": "editor_model",
    "import_export_folder_info": "/code_explorer_custom_root_folder_name/\u517d\u65cf/\u751f\u7269"
}