{
    "SoundPath": "134243320",
    "describe": "",
    "name": "EvilSylvanasWhat4",
    "res_name": "EvilSylvanasWhat4.wav",
    "key": 134243320,
    "Format": "wav",
    "uid": 134243320,
    "IsCustom": true,
    "version": 1,
    "sub_type": "sound",
    "custom_editor_type": "custom_editor_sound",
    "source": "code_Source_Import",
    "md5": "17b5351cf8e2031ac5e7cd2456086461",
    "res_type": "editor_sound",
    "import_export_folder_info": "/code_explorer_custom_root_folder_name/\u9ed1\u6697\u6e38\u4fa0"
}