{
    "editor_model": {
        "model_id": 134238913,
        "select_effect_scale": 1.0,
        "describe": "Mdx\\\u6708\u4eae\u4e95",
        "name": "\u6708\u4eae\u4e95",
        "key": 134238913,
        "socket_info": {},
        "size": 1.0,
        "version": 1,
        "sub_type": "mdx",
        "custom_editor_type": "custom_editor_model",
        "uid": "editor_model_134238913",
        "res_type": "kkres",
        "md5": "3834c3dfc80d523144a662b031de3b14"
    },
    "model": {
        "meshes": [],
        "mdx_path": "Mdx\\\u6708\u4eae\u4e95.mdx",
        "model_id": 134238913,
        "name": "Mdx\\\u6708\u4eae\u4e95",
        "physics_meshes": [
            "custom_editor_model/mdx/AutoPhy_\u6708\u4eae\u4e95.mdx"
        ],
        "mdx_textures": [
            "buildings/NightElf/MoonWell/MoonWell"
        ],
        "mdx_sounds": [
            "sound/Sound/Buildings/Death//NightElfBuildingDeathSmall1.wav"
        ],
        "pickbound": [
            1.0091638565063477,
            2.7918710708618164
        ]
    },
    "preview_icon": {},
    "sub_type": "mdx",
    "res_type": "editor_model",
    "import_export_folder_info": "/code_explorer_custom_root_folder_name/\u7cbe\u7075\u65cf/\u5efa\u7b51"
}