{
    "editor_model": {
        "model_id": 134281827,
        "select_effect_scale": 1.0,
        "describe": "Mdx\\\u683c\u96f7\u6208\u91cc\u7235\u58eb",
        "name": "\u683c\u96f7\u6208\u91cc\u7235\u58eb",
        "key": 134281827,
        "socket_info": {},
        "size": 1.0,
        "version": 1,
        "sub_type": "mdx",
        "custom_editor_type": "custom_editor_model",
        "uid": "editor_model_134281827",
        "res_type": "kkres",
        "md5": "2fb9599c8344a68d9e332d8a7cb09d5e"
    },
    "model": {
        "meshes": [],
        "mdx_path": "Mdx\\\u683c\u96f7\u6208\u91cc\u7235\u58eb.mdx",
        "model_id": 134281827,
        "name": "Mdx\\\u683c\u96f7\u6208\u91cc\u7235\u58eb",
        "physics_meshes": [
            "custom_editor_model/mdx/AutoPhy_\u683c\u96f7\u6208\u91cc\u7235\u58eb.mdx"
        ],
        "mdx_textures": [
            "units/Human/HeroPaladinBoss2/HeropaladinBoss2",
            "Textures/RibbonBlur1",
            "Textures/Yellow_Star_Dim"
        ],
        "mdx_sounds": [
            "sound/Units/Human/HeroPaladin//HeroPaladinDeath.wav",
            "sound/Units/Human/HeroPaladin//HeroPaladinAttack1.wav",
            "sound/Units/Human/HeroPaladin//HeroPaladinAttack2.wav",
            "sound/Sound/Units/Human//HumanDissipate1.wav"
        ],
        "pickbound": [
            1.4213745594024658,
            1.185590386390686
        ]
    },
    "preview_icon": {},
    "sub_type": "mdx",
    "res_type": "editor_model",
    "import_export_folder_info": "/code_explorer_custom_root_folder_name/\u4eba\u65cf/\u751f\u7269"
}