{
    "editor_model": {
        "model_id": 134267945,
        "select_effect_scale": 1.0,
        "describe": "Mdx\\\u4eba\u65cf\u519c\u6c11",
        "name": "\u4eba\u65cf\u519c\u6c11",
        "key": 134267945,
        "socket_info": {},
        "size": 1.0,
        "version": 1,
        "sub_type": "mdx",
        "custom_editor_type": "custom_editor_model",
        "uid": "editor_model_134267945",
        "res_type": "kkres",
        "md5": "10e12e01480c995a50b31c17187db1dc"
    },
    "model": {
        "meshes": [],
        "mdx_path": "Mdx\\\u4eba\u65cf\u519c\u6c11.mdx",
        "model_id": 134267945,
        "name": "Mdx\\\u4eba\u65cf\u519c\u6c11",
        "physics_meshes": [
            "custom_editor_model/mdx/AutoPhy_\u4eba\u65cf\u519c\u6c11.mdx"
        ],
        "mdx_textures": [
            "Textures/Peasant",
            "Textures/gutz"
        ],
        "mdx_sounds": [
            "sound/Units/Human/Peasant//PeasantDeath.wav",
            "sound/Abilities/Spells/Other/Repair//PeonRepair1.wav"
        ],
        "pickbound": [
            0.27668845653533936,
            0.92710942029953
        ]
    },
    "preview_icon": {},
    "sub_type": "mdx",
    "res_type": "editor_model",
    "import_export_folder_info": "/code_explorer_custom_root_folder_name/\u4eba\u65cf/\u751f\u7269"
}