{
    "editor_model": {
        "model_id": 134278928,
        "select_effect_scale": 1.0,
        "describe": "Mdx\\\u6d77\u519b\u4e0a\u5c06\u666e\u6d1b\u5fb7\u6469\u5c14",
        "name": "\u6d77\u519b\u4e0a\u5c06\u666e\u6d1b\u5fb7\u6469\u5c14",
        "key": 134278928,
        "socket_info": {},
        "size": 1.0,
        "version": 1,
        "sub_type": "mdx",
        "custom_editor_type": "custom_editor_model",
        "uid": "editor_model_134278928",
        "res_type": "kkres",
        "md5": "d98ffe37339833053732b02faafd729a"
    },
    "model": {
        "meshes": [],
        "mdx_path": "Mdx\\\u6d77\u519b\u4e0a\u5c06\u666e\u6d1b\u5fb7\u6469\u5c14.mdx",
        "model_id": 134278928,
        "name": "Mdx\\\u6d77\u519b\u4e0a\u5c06\u666e\u6d1b\u5fb7\u6469\u5c14",
        "physics_meshes": [
            "custom_editor_model/mdx/AutoPhy_\u6d77\u519b\u4e0a\u5c06\u666e\u6d1b\u5fb7\u6469\u5c14.mdx"
        ],
        "mdx_textures": [
            "units/Other/Proudmoore/Proudmoore",
            "Textures/RibbonBlur1"
        ],
        "mdx_sounds": [
            "sound/Units/Human/HeroPaladin//HeroPaladinDeath.wav",
            "sound/Units/Human/HeroPaladin//HeroPaladinAttack1.wav",
            "sound/Units/Human/HeroPaladin//HeroPaladinAttack2.wav",
            "sound/Sound/Units/Human//HumanDissipate1.wav"
        ],
        "pickbound": [
            1.7745903730392456,
            1.4317002296447754
        ]
    },
    "preview_icon": {},
    "sub_type": "mdx",
    "res_type": "editor_model",
    "import_export_folder_info": "/code_explorer_custom_root_folder_name/\u4eba\u65cf/\u751f\u7269"
}