{
    "editor_model": {
        "model_id": 134283081,
        "select_effect_scale": 1.0,
        "describe": "Mdx\\\u7cbe\u7075\u6e14\u67511",
        "name": "\u7cbe\u7075\u6e14\u67511",
        "key": 134283081,
        "socket_info": {},
        "size": 1.0,
        "version": 1,
        "sub_type": "mdx",
        "custom_editor_type": "custom_editor_model",
        "uid": "editor_model_134283081",
        "res_type": "kkres",
        "md5": "b8461426171b568fd5095a2d7275d4e4"
    },
    "model": {
        "meshes": [],
        "mdx_path": "Mdx\\\u7cbe\u7075\u6e14\u67511.mdx",
        "model_id": 134283081,
        "name": "Mdx\\\u7cbe\u7075\u6e14\u67511",
        "physics_meshes": [
            "custom_editor_model/mdx/AutoPhy_\u7cbe\u7075\u6e14\u67511.mdx"
        ],
        "mdx_textures": [
            "Textures/ElvenFishVillage",
            "Textures/Dust5A",
            "Textures/RockParticle",
            "Textures/SpinningBoard",
            "Textures/Clouds8x8Fire",
            "Textures/CartoonCloud",
            "Textures/Dust3x"
        ],
        "mdx_sounds": [
            "sound/Sound/Buildings/Death//BuildingDeathSmallHuman.wav"
        ],
        "pickbound": [
            1.2250473499298096,
            2.7507951259613037
        ]
    },
    "preview_icon": {},
    "sub_type": "mdx",
    "res_type": "editor_model",
    "import_export_folder_info": "/code_explorer_custom_root_folder_name/\u7cbe\u7075\u65cf/\u5efa\u7b51"
}