{
    "editor_model": {
        "model_id": 134252405,
        "select_effect_scale": 1.0,
        "describe": "Mdx\\\u5de8\u9b54\u8759\u8760\u9a91\u58eb",
        "name": "\u5de8\u9b54\u8759\u8760\u9a91\u58eb",
        "key": 134252405,
        "socket_info": {},
        "size": 1.0,
        "version": 1,
        "sub_type": "mdx",
        "custom_editor_type": "custom_editor_model",
        "uid": "editor_model_134252405",
        "res_type": "kkres",
        "md5": "c529693423aa2aebb7a66fc5ea541c23"
    },
    "model": {
        "meshes": [],
        "mdx_path": "Mdx\\\u5de8\u9b54\u8759\u8760\u9a91\u58eb.mdx",
        "model_id": 134252405,
        "name": "Mdx\\\u5de8\u9b54\u8759\u8760\u9a91\u58eb",
        "physics_meshes": [
            "custom_editor_model/mdx/AutoPhy_\u5de8\u9b54\u8759\u8760\u9a91\u58eb.mdx"
        ],
        "mdx_textures": [
            "Textures/BatTroll",
            "Textures/GenericGlow2_mip1",
            "Textures/Dust6Color",
            "Textures/RingOFire",
            "Textures/grad6",
            "Textures/star32",
            "Textures/Clouds8x8Fire",
            "Textures/Clouds8x8"
        ],
        "mdx_sounds": [
            "sound/Units/Orc/BatTroll//BatRiderDeath1.wav",
            "sound/Units/Orc/BatTroll//TrollBatriderSuicideAttack1.wav"
        ],
        "pickbound": [
            0.8132860660552979,
            1.4510420560836792
        ]
    },
    "preview_icon": {},
    "sub_type": "mdx",
    "res_type": "editor_model",
    "import_export_folder_info": "/code_explorer_custom_root_folder_name/\u517d\u65cf/\u751f\u7269"
}