{
    "editor_model": {
        "model_id": 134228365,
        "select_effect_scale": 1.0,
        "describe": "Mdx\\\u7cbe\u7075\u8fd0\u8f93\u8239",
        "name": "\u7cbe\u7075\u8fd0\u8f93\u8239",
        "key": 134228365,
        "socket_info": {},
        "size": 1.0,
        "version": 1,
        "sub_type": "mdx",
        "custom_editor_type": "custom_editor_model",
        "uid": "editor_model_134228365",
        "res_type": "kkres",
        "md5": "795c0eeef94663f9d5bc3dd627faf00a"
    },
    "model": {
        "meshes": [],
        "mdx_path": "Mdx\\\u7cbe\u7075\u8fd0\u8f93\u8239.mdx",
        "model_id": 134228365,
        "name": "Mdx\\\u7cbe\u7075\u8fd0\u8f93\u8239",
        "physics_meshes": [
            "custom_editor_model/mdx/AutoPhy_\u7cbe\u7075\u8fd0\u8f93\u8239.mdx"
        ],
        "mdx_textures": [
            "units/NightElf/NightElfTransportShip/NightElfTransportShip",
            "Textures/WaterWake3",
            "Textures/WaterBlobs1",
            "Textures/White_64_Foam1",
            "Textures/Clouds8x8",
            "Textures/LavaLump2"
        ],
        "mdx_sounds": [
            "sound/Doodads/Northrend/Water/Battleship//BattleShipDeath1.wav"
        ],
        "pickbound": [
            0.7680993676185608,
            2.909571886062622
        ]
    },
    "preview_icon": {},
    "sub_type": "mdx",
    "res_type": "editor_model",
    "import_export_folder_info": "/code_explorer_custom_root_folder_name/\u7cbe\u7075\u65cf/\u751f\u7269"
}