{
    "134276871": {
        "editor_effect": {
            "model_id": 134259275,
            "preview_icon": "",
            "name": "\u5deb\u5996\u5bfc\u5f39",
            "describe": "134276871",
            "key": 134276871,
            "res_type": "kkres",
            "res_identify": "",
            "scale": 1.0,
            "uid": "134276871",
            "source_effect": [
                102304
            ],
            "version": 1,
            "md5": "754b77bce76df373b02b1790293d0c30",
            "deps_info": {
                "deps": [
                    [
                        "editor_icon",
                        902288
                    ],
                    [
                        "editor_icon",
                        902419
                    ],
                    [
                        "editor_icon",
                        901762
                    ],
                    [
                        "editor_icon",
                        900847
                    ],
                    [
                        "editor_icon",
                        901346
                    ]
                ],
                "sound_id_list": []
            }
        },
        "model": {
            "name": "\u5deb\u5996\u5bfc\u5f39",
            "model_id": 134259275,
            "effect_path": "Fx_Effect/Realism/Fx_Skill/Ballistic/Ballistic_Other_trajectory_013_copy",
            "meshes": [],
            "custom": true,
            "effect_keep": true,
            "effect_max_life": -1,
            "is_beam_effect": false
        }
    },
    "sub_type": null,
    "res_type": "editor_effect",
    "import_export_folder_info": "/code_explorer_custom_root_folder_name"
}