{
    "editor_model": {
        "model_id": 134255604,
        "select_effect_scale": 1.0,
        "describe": "Mdx\\\u5a01\u529b\u4e4b\u6cc9",
        "name": "\u5a01\u529b\u4e4b\u6cc9",
        "key": 134255604,
        "socket_info": {},
        "size": 1.0,
        "version": 1,
        "sub_type": "mdx",
        "custom_editor_type": "custom_editor_model",
        "uid": "editor_model_134255604",
        "res_type": "kkres",
        "md5": "aa0cfaf0852dd237fcaaefca72488d04"
    },
    "model": {
        "meshes": [],
        "mdx_path": "Mdx\\\u5a01\u529b\u4e4b\u6cc9.mdx",
        "model_id": 134255604,
        "name": "Mdx\\\u5a01\u529b\u4e4b\u6cc9",
        "physics_meshes": [
            "custom_editor_model/mdx/AutoPhy_\u5a01\u529b\u4e4b\u6cc9.mdx"
        ],
        "mdx_textures": [
            "buildings/Other/FountainOfPower/FountainOfLifeBlood",
            "buildings/Other/FountainOfPower/FountainOfLife",
            "buildings/Other/FountainOfPower/FlareBlood",
            "Textures/BackGround",
            "Textures/CloudSingle"
        ],
        "mdx_sounds": [],
        "pickbound": [
            2.1492838859558105,
            2.809904098510742
        ]
    },
    "preview_icon": {},
    "sub_type": "mdx",
    "res_type": "editor_model",
    "import_export_folder_info": "/code_explorer_custom_root_folder_name/\u7cbe\u7075\u65cf/\u5efa\u7b51"
}