{
    "editor_model": {
        "model_id": 134277430,
        "select_effect_scale": 1.0,
        "describe": "Mdx\\\u5b88\u671b\u8005",
        "name": "\u5b88\u671b\u8005",
        "key": 134277430,
        "socket_info": {},
        "size": 1.0,
        "version": 1,
        "sub_type": "mdx",
        "custom_editor_type": "custom_editor_model",
        "uid": "editor_model_134277430",
        "res_type": "kkres",
        "md5": "da365308fb215712bed3b3019fd3fd4b"
    },
    "model": {
        "meshes": [],
        "mdx_path": "Mdx\\\u5b88\u671b\u8005.mdx",
        "model_id": 134277430,
        "name": "Mdx\\\u5b88\u671b\u8005",
        "physics_meshes": [
            "custom_editor_model/mdx/AutoPhy_\u5b88\u671b\u8005.mdx"
        ],
        "mdx_textures": [
            "Textures/IronRaven",
            "Textures/Star8b"
        ],
        "mdx_sounds": [
            "sound/Units/NightElf/HeroWarden//WardenDeath1.wav",
            "sound/Units/NightElf/HeroWarden//FanOfKnives.wav",
            "sound/Sound/Units/NightElf//NightElfDissipate1.wav",
            "sound/Units/NightElf/HeroWarden//WardenAttackEffort1.wav"
        ],
        "pickbound": [
            1.2035019397735596,
            1.9368128776550293
        ]
    },
    "preview_icon": {},
    "sub_type": "mdx",
    "res_type": "editor_model",
    "import_export_folder_info": "/code_explorer_custom_root_folder_name/\u7cbe\u7075\u65cf/\u751f\u7269"
}