{
    "editor_model": {
        "model_id": 134275695,
        "select_effect_scale": 1.0,
        "describe": "Mdx\\\u96f7\u514b\u8428",
        "name": "\u96f7\u514b\u8428",
        "key": 134275695,
        "socket_info": {},
        "size": 1.0,
        "version": 1,
        "sub_type": "mdx",
        "custom_editor_type": "custom_editor_model",
        "uid": "editor_model_134275695",
        "res_type": "kkres",
        "md5": "43930f260d3af6582cc21b77ca5a18b0"
    },
    "model": {
        "meshes": [],
        "mdx_path": "Mdx\\\u96f7\u514b\u8428.mdx",
        "model_id": 134275695,
        "name": "Mdx\\\u96f7\u514b\u8428",
        "physics_meshes": [
            "custom_editor_model/mdx/AutoPhy_\u96f7\u514b\u8428.mdx"
        ],
        "mdx_textures": [
            "Textures/BeastMaster",
            "Textures/Yellow_Star",
            "Textures/Yellow_Glow3",
            "Textures/RibbonBlur1",
            "Textures/Yellow_Glow_Dim",
            "Textures/Clouds8x8"
        ],
        "mdx_sounds": [
            "sound/Units/Creeps/Beastmaster//BeastmasterDeath1.wav",
            "sound/Sound/Units/Human//HumanDissipate1.wav",
            "sound/Units/Creeps/Beastmaster//BeastmasterAttackEffort1.wav"
        ],
        "pickbound": [
            1.8648772239685059,
            3.3229780197143555
        ]
    },
    "preview_icon": {},
    "sub_type": "mdx",
    "res_type": "editor_model",
    "import_export_folder_info": "/code_explorer_custom_root_folder_name/\u517d\u65cf/\u751f\u7269"
}