{
    "editor_model": {
        "model_id": 134260622,
        "select_effect_scale": 1.0,
        "describe": "Mdx\\\u9ad8\u7b49\u7cbe\u7075\uff08\u5973\u6027\uff09",
        "name": "\u9ad8\u7b49\u7cbe\u7075\uff08\u5973\u6027\uff09",
        "key": 134260622,
        "socket_info": {},
        "size": 1.0,
        "version": 1,
        "sub_type": "mdx",
        "custom_editor_type": "custom_editor_model",
        "uid": "editor_model_134260622",
        "res_type": "kkres",
        "md5": "964a8ffa9124793e9351325811008f5e"
    },
    "model": {
        "meshes": [],
        "mdx_path": "Mdx\\\u9ad8\u7b49\u7cbe\u7075\uff08\u5973\u6027\uff09.mdx",
        "model_id": 134260622,
        "name": "Mdx\\\u9ad8\u7b49\u7cbe\u7075\uff08\u5973\u6027\uff09",
        "physics_meshes": [
            "custom_editor_model/mdx/AutoPhy_\u9ad8\u7b49\u7cbe\u7075\uff08\u5973\u6027\uff09.mdx"
        ],
        "mdx_textures": [
            "units/Critters/ElfVillagerWoman/ElfVillagerWoman",
            "Textures/gutz"
        ],
        "mdx_sounds": [
            "sound/Units/Human/Sorceress//SorceressDeath.wav",
            "sound/Units/Critters/VillagerWoman//VillagerFemaleDeath1.wav"
        ],
        "pickbound": [
            0.26860523223876953,
            1.0125540494918823
        ]
    },
    "preview_icon": {},
    "sub_type": "mdx",
    "res_type": "editor_model",
    "import_export_folder_info": "/code_explorer_custom_root_folder_name/\u4eba\u65cf/\u751f\u7269"
}