{
    "editor_model": {
        "model_id": 134282024,
        "select_effect_scale": 1.0,
        "describe": "Mdx\\\u72ee\u9e6b\u9a91\u58eb",
        "name": "\u72ee\u9e6b\u9a91\u58eb",
        "key": 134282024,
        "socket_info": {},
        "size": 1.0,
        "version": 1,
        "sub_type": "mdx",
        "custom_editor_type": "custom_editor_model",
        "uid": "editor_model_134282024",
        "res_type": "kkres",
        "md5": "2fbb9d1d7e433aa46e3d40e9b40476a8"
    },
    "model": {
        "meshes": [],
        "mdx_path": "Mdx\\\u72ee\u9e6b\u9a91\u58eb.mdx",
        "model_id": 134282024,
        "name": "Mdx\\\u72ee\u9e6b\u9a91\u58eb",
        "physics_meshes": [
            "custom_editor_model/mdx/AutoPhy_\u72ee\u9e6b\u9a91\u58eb.mdx"
        ],
        "mdx_textures": [
            "units/Human/GryphonRider/GryphonRider",
            "ReplaceableTextures/TeamGlow/TeamGlow01",
            "Textures/Zap1",
            "Textures/Shockwave1b",
            "Textures/Tj_BloodSput",
            "Textures/Clouds32_anim"
        ],
        "mdx_sounds": [
            "sound/Units/Human/GryphonRider//GryphonRiderDeath1.wav"
        ],
        "pickbound": [
            0.6968681812286377,
            1.4548649787902832
        ]
    },
    "preview_icon": {},
    "sub_type": "mdx",
    "res_type": "editor_model",
    "import_export_folder_info": "/code_explorer_custom_root_folder_name/\u4eba\u65cf/\u751f\u7269"
}