{
    "editor_model": {
        "model_id": 134244921,
        "select_effect_scale": 1.0,
        "describe": "Mdx\\\u517d\u65cf\u8239\u575e",
        "name": "\u517d\u65cf\u8239\u575e",
        "key": 134244921,
        "socket_info": {},
        "size": 1.0,
        "version": 1,
        "sub_type": "mdx",
        "custom_editor_type": "custom_editor_model",
        "uid": "editor_model_134244921",
        "res_type": "kkres",
        "md5": "4c9add108a3a92615dcc2db249d774b5"
    },
    "model": {
        "meshes": [],
        "mdx_path": "Mdx\\\u517d\u65cf\u8239\u575e.mdx",
        "model_id": 134244921,
        "name": "Mdx\\\u517d\u65cf\u8239\u575e",
        "physics_meshes": [
            "custom_editor_model/mdx/AutoPhy_\u517d\u65cf\u8239\u575e.mdx"
        ],
        "mdx_textures": [
            "Textures/GoblinShipyard",
            "Textures/BackGround",
            "Textures/Dust5A",
            "Textures/RockParticle",
            "Textures/SpinningBoard",
            "Textures/Clouds8x8Fire",
            "Textures/CartoonCloud"
        ],
        "mdx_sounds": [
            "sound/Sound/Buildings/Death//BuildingDeathLargeOrc.wav"
        ],
        "pickbound": [
            2.463578701019287,
            2.9969539642333984
        ]
    },
    "preview_icon": {},
    "sub_type": "mdx",
    "res_type": "editor_model",
    "import_export_folder_info": "/code_explorer_custom_root_folder_name/\u517d\u65cf/\u5efa\u7b51"
}