{
    "editor_model": {
        "model_id": 134277109,
        "select_effect_scale": 1.0,
        "describe": "Mdx\\\u9b54\u6cd5\u5b9d\u77f3\u5854",
        "name": "\u9b54\u6cd5\u5b9d\u77f3\u5854",
        "key": 134277109,
        "socket_info": {},
        "size": 1.0,
        "version": 1,
        "sub_type": "mdx",
        "custom_editor_type": "custom_editor_model",
        "uid": "editor_model_134277109",
        "res_type": "kkres",
        "md5": "2df918519e6e7509e61521d782b8c267"
    },
    "model": {
        "meshes": [],
        "mdx_path": "Mdx\\\u9b54\u6cd5\u5b9d\u77f3\u5854.mdx",
        "model_id": 134277109,
        "name": "Mdx\\\u9b54\u6cd5\u5b9d\u77f3\u5854",
        "physics_meshes": [
            "custom_editor_model/mdx/AutoPhy_\u9b54\u6cd5\u5b9d\u77f3\u5854.mdx"
        ],
        "mdx_textures": [
            "Textures/AshenStructures",
            "Textures/GenericGlow1",
            "ReplaceableTextures/Weather/Clouds8x8"
        ],
        "mdx_sounds": [
            "sound/Buildings/Other/BridgeObelisk//EnchantedGemstoneObeliskDeath1.wav"
        ],
        "pickbound": [
            0.6458996534347534,
            2.8707692623138428
        ]
    },
    "preview_icon": {},
    "sub_type": "mdx",
    "res_type": "editor_model",
    "import_export_folder_info": "/code_explorer_custom_root_folder_name/\u7cbe\u7075\u65cf/\u5efa\u7b51"
}