{
    "editor_model": {
        "model_id": 134263392,
        "select_effect_scale": 1.0,
        "describe": "Mdx\\\u6c34\u679c\u5e97",
        "name": "\u6c34\u679c\u5e97",
        "key": 134263392,
        "socket_info": {},
        "size": 1.0,
        "version": 1,
        "sub_type": "mdx",
        "custom_editor_type": "custom_editor_model",
        "uid": "editor_model_134263392",
        "res_type": "kkres",
        "md5": "f0da416e862c1a03a198a0b09502769c"
    },
    "model": {
        "meshes": [],
        "mdx_path": "Mdx\\\u6c34\u679c\u5e97.mdx",
        "model_id": 134263392,
        "name": "Mdx\\\u6c34\u679c\u5e97",
        "physics_meshes": [
            "custom_editor_model/mdx/AutoPhy_\u6c34\u679c\u5e97.mdx"
        ],
        "mdx_textures": [
            "buildings/Other/FruitStand/FruitStand",
            "Textures/Dust5A",
            "Textures/RockParticle",
            "Textures/SpinningBoard",
            "Textures/Clouds8x8Fire",
            "Textures/CartoonCloud"
        ],
        "mdx_sounds": [],
        "pickbound": [
            1.5089819431304932,
            3.1465601921081543
        ]
    },
    "preview_icon": {},
    "sub_type": "mdx",
    "res_type": "editor_model",
    "import_export_folder_info": "/code_explorer_custom_root_folder_name/\u4eba\u65cf/\u5efa\u7b51"
}