{
    "editor_model": {
        "model_id": 134232446,
        "select_effect_scale": 1.0,
        "describe": "Mdx\\\u98ce\u9a91\u58eb",
        "name": "\u98ce\u9a91\u58eb",
        "key": 134232446,
        "socket_info": {},
        "size": 1.0,
        "version": 1,
        "sub_type": "mdx",
        "custom_editor_type": "custom_editor_model",
        "uid": "editor_model_134232446",
        "res_type": "kkres",
        "md5": "184d013bb2e8c15178ab89cade0ea932"
    },
    "model": {
        "meshes": [],
        "mdx_path": "Mdx\\\u98ce\u9a91\u58eb.mdx",
        "model_id": 134232446,
        "name": "Mdx\\\u98ce\u9a91\u58eb",
        "physics_meshes": [
            "custom_editor_model/mdx/AutoPhy_\u98ce\u9a91\u58eb.mdx"
        ],
        "mdx_textures": [
            "Textures/WyvernRider"
        ],
        "mdx_sounds": [
            "sound/Units/Orc/WyvernRider//WyvernRiderDeath.wav"
        ],
        "pickbound": [
            1.122267723083496,
            2.0430350303649902
        ]
    },
    "preview_icon": {},
    "sub_type": "mdx",
    "res_type": "editor_model",
    "import_export_folder_info": "/code_explorer_custom_root_folder_name/\u517d\u65cf/\u751f\u7269"
}