{
    "editor_model": {
        "model_id": 134267085,
        "select_effect_scale": 1.0,
        "describe": "Mdx\\\u4e1b\u6797\u5b88\u62a4\u8005",
        "name": "\u4e1b\u6797\u5b88\u62a4\u8005",
        "key": 134267085,
        "socket_info": {},
        "size": 1.0,
        "version": 1,
        "sub_type": "mdx",
        "custom_editor_type": "custom_editor_model",
        "uid": "editor_model_134267085",
        "res_type": "kkres",
        "md5": "f13c87c791cd15cdddff106bf2387e23"
    },
    "model": {
        "meshes": [],
        "mdx_path": "Mdx\\\u4e1b\u6797\u5b88\u62a4\u8005.mdx",
        "model_id": 134267085,
        "name": "Mdx\\\u4e1b\u6797\u5b88\u62a4\u8005",
        "physics_meshes": [
            "custom_editor_model/mdx/AutoPhy_\u4e1b\u6797\u5b88\u62a4\u8005.mdx"
        ],
        "mdx_textures": [
            "Textures/Keeperofthegrove",
            "Textures/KeeperVines",
            "Textures/Clouds32_anim",
            "Textures/Flare"
        ],
        "mdx_sounds": [
            "sound/Units/NightElf/HeroKeeperOfTheGrove//HeroKeeperOfTheGroveDeath1.wav",
            "sound/Sound/Units/NightElf//NightElfDissipate1.wav"
        ],
        "pickbound": [
            2.017874240875244,
            2.3135273456573486
        ]
    },
    "preview_icon": {},
    "sub_type": "mdx",
    "res_type": "editor_model",
    "import_export_folder_info": "/code_explorer_custom_root_folder_name/\u7cbe\u7075\u65cf/\u751f\u7269"
}