{
    "editor_model": {
        "model_id": 134282520,
        "select_effect_scale": 1.0,
        "describe": "Mdx\\\u585e\u7eb3\u7559\u65af\u4e4b\u89d2",
        "name": "\u585e\u7eb3\u7559\u65af\u4e4b\u89d2",
        "key": 134282520,
        "socket_info": {},
        "size": 1.0,
        "version": 1,
        "sub_type": "mdx",
        "custom_editor_type": "custom_editor_model",
        "uid": "editor_model_134282520",
        "res_type": "kkres",
        "md5": "b440c5cfdee0aec4195a8e6667dc0c0c"
    },
    "model": {
        "meshes": [],
        "mdx_path": "Mdx\\\u585e\u7eb3\u7559\u65af\u4e4b\u89d2.mdx",
        "model_id": 134282520,
        "name": "Mdx\\\u585e\u7eb3\u7559\u65af\u4e4b\u89d2",
        "physics_meshes": [
            "custom_editor_model/mdx/AutoPhy_\u585e\u7eb3\u7559\u65af\u4e4b\u89d2.mdx"
        ],
        "mdx_textures": [
            "Textures/AshenStructures",
            "Textures/HornOfCenarius",
            "Textures/GenericGlow1"
        ],
        "mdx_sounds": [],
        "pickbound": [
            0.7643416523933411,
            2.262540340423584
        ]
    },
    "preview_icon": {},
    "sub_type": "mdx",
    "res_type": "editor_model",
    "import_export_folder_info": "/code_explorer_custom_root_folder_name/\u7cbe\u7075\u65cf/\u5efa\u7b51"
}