{
    "editor_model": {
        "model_id": 134232581,
        "select_effect_scale": 1.0,
        "describe": "Mdx\\\u5c97\u54e8",
        "name": "\u5c97\u54e8",
        "key": 134232581,
        "socket_info": {},
        "size": 1.0,
        "version": 1,
        "sub_type": "mdx",
        "custom_editor_type": "custom_editor_model",
        "uid": "editor_model_134232581",
        "res_type": "kkres",
        "md5": "706419d3f2e583ecf77775a928ea4bba"
    },
    "model": {
        "meshes": [],
        "mdx_path": "Mdx\\\u5c97\u54e8.mdx",
        "model_id": 134232581,
        "name": "Mdx\\\u5c97\u54e8",
        "physics_meshes": [
            "custom_editor_model/mdx/AutoPhy_\u5c97\u54e8.mdx"
        ],
        "mdx_textures": [
            "units/Creeps/Watcher/Watcher",
            "Textures/gutz"
        ],
        "mdx_sounds": [
            "sound/Units/Creeps/Watcher//WatcherDeath1.wav"
        ],
        "pickbound": [
            0.44234222173690796,
            1.0732840299606323
        ]
    },
    "preview_icon": {},
    "sub_type": "mdx",
    "res_type": "editor_model",
    "import_export_folder_info": "/code_explorer_custom_root_folder_name/\u7cbe\u7075\u65cf/\u751f\u7269"
}