{
    "editor_model": {
        "model_id": 134278446,
        "select_effect_scale": 1.0,
        "describe": "Mdx\\\u517d\u65cf\u62a4\u536b\u8230",
        "name": "\u517d\u65cf\u62a4\u536b\u8230",
        "key": 134278446,
        "socket_info": {},
        "size": 1.0,
        "version": 1,
        "sub_type": "mdx",
        "custom_editor_type": "custom_editor_model",
        "uid": "editor_model_134278446",
        "res_type": "kkres",
        "md5": "b43a37f823f1976062a7693a1b33dc9b"
    },
    "model": {
        "meshes": [],
        "mdx_path": "Mdx\\\u517d\u65cf\u62a4\u536b\u8230.mdx",
        "model_id": 134278446,
        "name": "Mdx\\\u517d\u65cf\u62a4\u536b\u8230",
        "physics_meshes": [
            "custom_editor_model/mdx/AutoPhy_\u517d\u65cf\u62a4\u536b\u8230.mdx"
        ],
        "mdx_textures": [
            "units/Creeps/OrcishDestroyerShip/OrcishDestroyerShip",
            "Textures/WaterWake3",
            "Textures/WaterBlobs1",
            "Textures/White_64_Foam1",
            "Textures/Clouds8x8",
            "Textures/LavaLump2"
        ],
        "mdx_sounds": [
            "sound/Doodads/Northrend/Water/Battleship//BattleShipDeath1.wav"
        ],
        "pickbound": [
            1.0066568851470947,
            1.50462007522583
        ]
    },
    "preview_icon": {},
    "sub_type": "mdx",
    "res_type": "editor_model",
    "import_export_folder_info": "/code_explorer_custom_root_folder_name/\u517d\u65cf/\u751f\u7269"
}