{
    "editor_model": {
        "model_id": 134260793,
        "select_effect_scale": 1.0,
        "describe": "Mdx\\\u8428\u7a46\u7f57",
        "name": "\u8428\u7a46\u7f57",
        "key": 134260793,
        "socket_info": {},
        "size": 1.0,
        "version": 1,
        "sub_type": "mdx",
        "custom_editor_type": "custom_editor_model",
        "uid": "editor_model_134260793",
        "res_type": "kkres",
        "md5": "a51e756a8ef27c9159556a07df55b58a"
    },
    "model": {
        "meshes": [],
        "mdx_path": "Mdx\\\u8428\u7a46\u7f57.mdx",
        "model_id": 134260793,
        "name": "Mdx\\\u8428\u7a46\u7f57",
        "physics_meshes": [
            "custom_editor_model/mdx/AutoPhy_\u8428\u7a46\u7f57.mdx"
        ],
        "mdx_textures": [
            "Textures/HeroBladeMaster",
            "Textures/Tornado2b",
            "Textures/Red_Glow3",
            "Textures/RibbonBlur1",
            "Textures/Flame4",
            "Textures/GenericGlow2c"
        ],
        "mdx_sounds": [
            "sound/Units/Orc/HeroBladeMaster//CriticalStrike.wav",
            "sound/Units/Orc/HeroBladeMaster//HeroBladeMasterDeath.wav",
            "sound/Units/Orc/HeroBladeMaster//HeroBladeMasterAttack1.wav",
            "sound/Units/Orc/HeroBladeMaster//HeroBladeMasterAttack2.wav",
            "sound/Units/Orc/HeroBladeMaster//BladeMasterWhirlwind.wav",
            "sound/Sound/Units/Orc//OrcDissipate1.wav"
        ],
        "pickbound": [
            1.7028510570526123,
            2.3483550548553467
        ]
    },
    "preview_icon": {},
    "sub_type": "mdx",
    "res_type": "editor_model",
    "import_export_folder_info": "/code_explorer_custom_root_folder_name/\u517d\u65cf/\u751f\u7269"
}