{
    "SoundPath": "134267253",
    "describe": "",
    "name": "DemonHunterMorphedWhat1_1",
    "res_name": "DemonHunterMorphedWhat1.wav",
    "key": 134267253,
    "Format": "wav",
    "uid": 134267253,
    "IsCustom": true,
    "sub_type": "sound",
    "custom_editor_type": "custom_editor_sound",
    "source": "code_Source_Import",
    "md5": null,
    "res_type": "editor_sound",
    "import_export_folder_info": "/code_explorer_custom_root_folder_name/\u6076\u9b54\u730e\u624b"
}