{
    "editor_model": {
        "model_id": 134273532,
        "select_effect_scale": 1.0,
        "describe": "Mdx\\\u8428\u5c14",
        "name": "\u8428\u5c14",
        "key": 134273532,
        "socket_info": {},
        "size": 1.0,
        "version": 1,
        "sub_type": "mdx",
        "custom_editor_type": "custom_editor_model",
        "uid": "editor_model_134273532",
        "res_type": "kkres",
        "md5": "685fbdc1fb9175ed9c68f1ba84ce62ff"
    },
    "model": {
        "meshes": [],
        "mdx_path": "Mdx\\\u8428\u5c14.mdx",
        "model_id": 134273532,
        "name": "Mdx\\\u8428\u5c14",
        "physics_meshes": [
            "custom_editor_model/mdx/AutoPhy_\u8428\u5c14.mdx"
        ],
        "mdx_textures": [
            "units/Orc/Thrall/Thrall"
        ],
        "mdx_sounds": [
            "sound/Units/Orc/HeroFarSeer//HeroFarSeerDeath1.wav",
            "sound/Sound/Units/Orc//OrcDissipate1.wav"
        ],
        "pickbound": [
            1.826656699180603,
            1.7583023309707642
        ]
    },
    "preview_icon": {},
    "sub_type": "mdx",
    "res_type": "editor_model",
    "import_export_folder_info": "/code_explorer_custom_root_folder_name/\u517d\u65cf/\u751f\u7269"
}