{
    "editor_model": {
        "model_id": 134277168,
        "select_effect_scale": 1.0,
        "describe": "Mdx\\\u739b\u5c14\u6cd5\u91cc\u5965",
        "name": "\u739b\u5c14\u6cd5\u91cc\u5965",
        "key": 134277168,
        "socket_info": {},
        "size": 1.0,
        "version": 1,
        "sub_type": "mdx",
        "custom_editor_type": "custom_editor_model",
        "uid": "editor_model_134277168",
        "res_type": "kkres",
        "md5": "8e555adeb7c0cf4e7323291745dfe2a6"
    },
    "model": {
        "meshes": [],
        "mdx_path": "Mdx\\\u739b\u5c14\u6cd5\u91cc\u5965.mdx",
        "model_id": 134277168,
        "name": "Mdx\\\u739b\u5c14\u6cd5\u91cc\u5965",
        "physics_meshes": [
            "custom_editor_model/mdx/AutoPhy_\u739b\u5c14\u6cd5\u91cc\u5965.mdx"
        ],
        "mdx_textures": [
            "units/NightElf/MalFurion/NewStag",
            "units/NightElf/MalFurion/Mal'Furion",
            "Textures/Blue_Star2",
            "Textures/Blue_Glow2",
            "Textures/Clouds8x8",
            "Textures/Dust3x"
        ],
        "mdx_sounds": [
            "sound/Units/NightElf/MalFurion//MalFurionDeath1.wav"
        ],
        "pickbound": [
            2.0171661376953125,
            3.474777936935425
        ]
    },
    "preview_icon": {},
    "sub_type": "mdx",
    "res_type": "editor_model",
    "import_export_folder_info": "/code_explorer_custom_root_folder_name/\u7cbe\u7075\u65cf/\u751f\u7269"
}