{
    "editor_model": {
        "model_id": 134255588,
        "select_effect_scale": 1.0,
        "describe": "Mdx\\\u88ab\u6c61\u67d3\u7684\u751f\u547d\u4e4b\u6cc9",
        "name": "\u88ab\u6c61\u67d3\u7684\u751f\u547d\u4e4b\u6cc9",
        "key": 134255588,
        "socket_info": {},
        "size": 1.0,
        "version": 1,
        "sub_type": "mdx",
        "custom_editor_type": "custom_editor_model",
        "uid": "editor_model_134255588",
        "res_type": "kkres",
        "md5": "6e8ba2e6477ccae114c1a28e0517b1ac"
    },
    "model": {
        "meshes": [],
        "mdx_path": "Mdx\\\u88ab\u6c61\u67d3\u7684\u751f\u547d\u4e4b\u6cc9.mdx",
        "model_id": 134255588,
        "name": "Mdx\\\u88ab\u6c61\u67d3\u7684\u751f\u547d\u4e4b\u6cc9",
        "physics_meshes": [
            "custom_editor_model/mdx/AutoPhy_\u88ab\u6c61\u67d3\u7684\u751f\u547d\u4e4b\u6cc9.mdx"
        ],
        "mdx_textures": [
            "buildings/Other/FountainOfLifeDefiled/FountainOfLifeDefiled",
            "buildings/Other/FountainOfLifeDefiled/FlareDefiled",
            "Textures/BackGround",
            "Textures/CloudSingle"
        ],
        "mdx_sounds": [],
        "pickbound": [
            2.119610548019409,
            2.8057141304016113
        ]
    },
    "preview_icon": {},
    "sub_type": "mdx",
    "res_type": "editor_model",
    "import_export_folder_info": "/code_explorer_custom_root_folder_name/\u517d\u65cf/\u5efa\u7b51"
}