{
    "Format": "wav",
    "IsCustom": true,
    "SoundPath": "134230892",
    "custom_editor_type": "custom_editor_sound",
    "describe": "",
    "key": 134230892,
    "md5": "4d98e49f66c3a3b874c764829819dd29",
    "name": "HeroTaurenChieftainWhat3",
    "res_name": "HeroTaurenChieftainWhat3.wav",
    "source": "code_Source_Import",
    "sub_type": "sound",
    "uid": 134230892,
    "version": 1,
    "res_type": "editor_sound",
    "import_export_folder_info": "/code_explorer_custom_root_folder_name/\u725b\u5934\u4eba\u914b\u957f"
}