{
    "editor_model": {
        "model_id": 134281963,
        "select_effect_scale": 1.0,
        "describe": "Mdx\\sem_na_jia_yuan_gu_bing_mo_shen",
        "name": "sem_na_jia_yuan_gu_bing_mo_shen",
        "key": 134281963,
        "socket_info": {},
        "size": 1.0,
        "version": 1,
        "sub_type": "mdx",
        "custom_editor_type": "custom_editor_model",
        "uid": "editor_model_134281963",
        "res_type": "kkres",
        "md5": "4092c4e7d027be1002275dc2aa726c7d"
    },
    "model": {
        "meshes": [],
        "mdx_path": "Mdx\\sem_na_jia_yuan_gu_bing_mo_shen.mdx",
        "model_id": 134281963,
        "name": "Mdx\\sem_na_jia_yuan_gu_bing_mo_shen",
        "physics_meshes": [
            "custom_editor_model/mdx/AutoPhy_sem_na_jia_yuan_gu_bing_mo_shen.mdx"
        ],
        "mdx_textures": [
            "war3mapImported/z_tt_se_qq_qun_941442872_sem_na_jia_yuan_gu_bing_mo_shen_tt1",
            "war3mapImported/z_tt_se_qq_qun_941442872_sem_na_jia_yuan_gu_bing_mo_shen_tt2",
            "war3mapImported/z_tt_se_qq_qun_941442872_sem_na_jia_yuan_gu_bing_mo_shen_tt3",
            "war3mapImported/z_tt_se_qq_qun_941442872_sem_na_jia_yuan_gu_bing_mo_shen_tt1",
            "war3mapImported/z_tt_se_qq_qun_941442872_sem_na_jia_yuan_gu_bing_mo_shen_tt4"
        ],
        "mdx_sounds": [],
        "pickbound": [
            0.6238111257553101,
            1.4303042888641357
        ]
    },
    "preview_icon": {},
    "sub_type": "mdx",
    "res_type": "editor_model",
    "import_export_folder_info": "/code_explorer_custom_root_folder_name/\u91cd\u5236\u7248"
}