{
    "editor_model": {
        "model_id": 134273139,
        "select_effect_scale": 1.0,
        "describe": "Mdx\\\u5723\u9a91\u58eb",
        "name": "\u5723\u9a91\u58eb",
        "key": 134273139,
        "socket_info": {},
        "size": 1.0,
        "version": 1,
        "sub_type": "mdx",
        "custom_editor_type": "custom_editor_model",
        "uid": "editor_model_134273139",
        "res_type": "kkres",
        "md5": "f4bf4da5ef8ed2ba7fe2f8a526ca5766"
    },
    "model": {
        "meshes": [],
        "mdx_path": "Mdx\\\u5723\u9a91\u58eb.mdx",
        "model_id": 134273139,
        "name": "Mdx\\\u5723\u9a91\u58eb",
        "physics_meshes": [
            "custom_editor_model/mdx/AutoPhy_\u5723\u9a91\u58eb.mdx"
        ],
        "mdx_textures": [
            "units/Human/HeroPaladin/Heropaladin",
            "Textures/RibbonBlur1",
            "Textures/Yellow_Star_Dim"
        ],
        "mdx_sounds": [
            "sound/Units/Human/HeroPaladin//HeroPaladinDeath.wav",
            "sound/Units/Human/HeroPaladin//HeroPaladinAttack1.wav",
            "sound/Units/Human/HeroPaladin//HeroPaladinAttack2.wav",
            "sound/Sound/Units/Human//HumanDissipate1.wav"
        ],
        "pickbound": [
            1.47784423828125,
            1.5487689971923828
        ]
    },
    "preview_icon": {},
    "sub_type": "mdx",
    "res_type": "editor_model",
    "import_export_folder_info": "/code_explorer_custom_root_folder_name/\u4eba\u65cf/\u751f\u7269"
}