{
    "editor_model": {
        "model_id": 134276474,
        "select_effect_scale": 1.0,
        "describe": "Mdx\\\u517d\u65cf\u8fd0\u8f93\u8239",
        "name": "\u517d\u65cf\u8fd0\u8f93\u8239",
        "key": 134276474,
        "socket_info": {},
        "size": 1.0,
        "version": 1,
        "sub_type": "mdx",
        "custom_editor_type": "custom_editor_model",
        "uid": "editor_model_134276474",
        "res_type": "kkres",
        "md5": "b6afd1fb7d8ada9f4fc369ed238ca61c"
    },
    "model": {
        "meshes": [],
        "mdx_path": "Mdx\\\u517d\u65cf\u8fd0\u8f93\u8239.mdx",
        "model_id": 134276474,
        "name": "Mdx\\\u517d\u65cf\u8fd0\u8f93\u8239",
        "physics_meshes": [
            "custom_editor_model/mdx/AutoPhy_\u517d\u65cf\u8fd0\u8f93\u8239.mdx"
        ],
        "mdx_textures": [
            "Textures/UndeadTransportShip",
            "Textures/WaterWake3",
            "Textures/WaterBlobs1",
            "Textures/White_64_Foam1",
            "Textures/Clouds8x8",
            "Textures/LavaLump2"
        ],
        "mdx_sounds": [
            "sound/Doodads/Northrend/Water/Battleship//BattleShipDeath1.wav"
        ],
        "pickbound": [
            1.0113433599472046,
            1.1139459609985352
        ]
    },
    "preview_icon": {},
    "sub_type": "mdx",
    "res_type": "editor_model",
    "import_export_folder_info": "/code_explorer_custom_root_folder_name/\u517d\u65cf/\u751f\u7269"
}