{
    "editor_model": {
        "model_id": 134230702,
        "select_effect_scale": 1.0,
        "describe": "Mdx\\sem_nuo_sen_de_huo_ju_ren",
        "name": "sem_nuo_sen_de_huo_ju_ren",
        "key": 134230702,
        "socket_info": {},
        "size": 1.0,
        "version": 1,
        "sub_type": "mdx",
        "custom_editor_type": "custom_editor_model",
        "uid": "editor_model_134230702",
        "res_type": "kkres",
        "md5": "d49096c3e7feefa30c4bfccf9b7679bb"
    },
    "model": {
        "meshes": [],
        "mdx_path": "Mdx\\sem_nuo_sen_de_huo_ju_ren.mdx",
        "model_id": 134230702,
        "name": "Mdx\\sem_nuo_sen_de_huo_ju_ren",
        "physics_meshes": [
            "custom_editor_model/mdx/AutoPhy_sem_nuo_sen_de_huo_ju_ren.mdx"
        ],
        "mdx_textures": [
            "war3mapImported/z_tt_se_qq_qun_941442872_sem_nuo_sen_de_huo_ju_ren_tt1",
            "war3mapImported/z_tt_se_qq_qun_941442872_sem_nuo_sen_de_huo_ju_ren_tt2"
        ],
        "mdx_sounds": [],
        "pickbound": [
            6.1465163230896,
            12.36410903930664
        ]
    },
    "preview_icon": {},
    "sub_type": "mdx",
    "res_type": "editor_model",
    "import_export_folder_info": "/code_explorer_custom_root_folder_name/\u91cd\u5236\u7248"
}