{
    "editor_model": {
        "model_id": 134246860,
        "select_effect_scale": 1.0,
        "describe": "Mdx\\\u7a46\u62c9\u4e01",
        "name": "\u7a46\u62c9\u4e01",
        "key": 134246860,
        "socket_info": {},
        "size": 1.0,
        "version": 1,
        "sub_type": "mdx",
        "custom_editor_type": "custom_editor_model",
        "uid": "editor_model_134246860",
        "res_type": "kkres",
        "md5": "0ee7c3150aa6603bb4e2d767e01bb513"
    },
    "model": {
        "meshes": [],
        "mdx_path": "Mdx\\\u7a46\u62c9\u4e01.mdx",
        "model_id": 134246860,
        "name": "Mdx\\\u7a46\u62c9\u4e01",
        "physics_meshes": [
            "custom_editor_model/mdx/AutoPhy_\u7a46\u62c9\u4e01.mdx"
        ],
        "mdx_textures": [
            "ReplaceableTextures/HeroMountainKing/heromountainking",
            "ReplaceableTextures/HeroMountainKing/heromountainkingAvatar",
            "Textures/star2_32",
            "Textures/GenericGlowFaded",
            "Textures/CloudSingle"
        ],
        "mdx_sounds": [
            "sound/Units/Human/HeroMountainKing//HeroMountainKingDeath.wav",
            "sound/Units/Human/HeroMountainKing//HeroMountainKingAttack1.wav",
            "sound/Sound/Units/Human//HumanDissipate1.wav"
        ],
        "pickbound": [
            1.1942622661590576,
            1.1654540300369263
        ]
    },
    "preview_icon": {},
    "sub_type": "mdx",
    "res_type": "editor_model",
    "import_export_folder_info": "/code_explorer_custom_root_folder_name/\u4eba\u65cf/\u751f\u7269"
}