{
    "editor_model": {
        "model_id": 134233641,
        "select_effect_scale": 1.0,
        "describe": "Mdx\\\u98de\u884c\u673a\u5668",
        "name": "\u98de\u884c\u673a\u5668",
        "key": 134233641,
        "socket_info": {},
        "size": 1.0,
        "version": 1,
        "sub_type": "mdx",
        "custom_editor_type": "custom_editor_model",
        "uid": "editor_model_134233641",
        "res_type": "kkres",
        "md5": "ecf6092ce7f0cf541af05ca507c22b2c"
    },
    "model": {
        "meshes": [],
        "mdx_path": "Mdx\\\u98de\u884c\u673a\u5668.mdx",
        "model_id": 134233641,
        "name": "Mdx\\\u98de\u884c\u673a\u5668",
        "physics_meshes": [
            "custom_editor_model/mdx/AutoPhy_\u98de\u884c\u673a\u5668.mdx"
        ],
        "mdx_textures": [
            "Textures/gyrocopter",
            "units/Human/GyroCopter/CopterBladeBlur",
            "Textures/Dust3",
            "Textures/Flame4",
            "Textures/star2"
        ],
        "mdx_sounds": [
            "sound/Units/Human/Gyrocopter//GyrocopterDeath1.wav",
            "sound/Units/Human/Gyrocopter//GyrocopterImpactHit1.wav"
        ],
        "pickbound": [
            1.1093608140945435,
            1.1254769563674927
        ]
    },
    "preview_icon": {},
    "sub_type": "mdx",
    "res_type": "editor_model",
    "import_export_folder_info": "/code_explorer_custom_root_folder_name/\u4eba\u65cf/\u751f\u7269"
}