{
    "editor_model": {
        "model_id": 134227942,
        "select_effect_scale": 1.0,
        "describe": "Mdx\\\u5de8\u9b54\u5deb\u533b",
        "name": "\u5de8\u9b54\u5deb\u533b",
        "key": 134227942,
        "socket_info": {},
        "size": 1.0,
        "version": 1,
        "sub_type": "mdx",
        "custom_editor_type": "custom_editor_model",
        "uid": "editor_model_134227942",
        "res_type": "kkres",
        "md5": "699c31de30cfad0f65d388432cb6c32d"
    },
    "model": {
        "meshes": [],
        "mdx_path": "Mdx\\\u5de8\u9b54\u5deb\u533b.mdx",
        "model_id": 134227942,
        "name": "Mdx\\\u5de8\u9b54\u5deb\u533b",
        "physics_meshes": [
            "custom_editor_model/mdx/AutoPhy_\u5de8\u9b54\u5deb\u533b.mdx"
        ],
        "mdx_textures": [
            "units/Orc/WitchDoctor/WitchDoctor",
            "Textures/gutz",
            "Textures/LightningBall"
        ],
        "mdx_sounds": [
            "sound/Units/Orc/WitchDoctor//WitchDoctorDeath.wav"
        ],
        "pickbound": [
            0.49082672595977783,
            1.7039721012115479
        ]
    },
    "preview_icon": {},
    "sub_type": "mdx",
    "res_type": "editor_model",
    "import_export_folder_info": "/code_explorer_custom_root_folder_name/\u517d\u65cf/\u751f\u7269"
}