{
    "editor_model": {
        "model_id": 134262995,
        "select_effect_scale": 1.0,
        "describe": "Mdx\\\u8f66",
        "name": "\u8f66",
        "key": 134262995,
        "socket_info": {},
        "size": 1.0,
        "version": 1,
        "sub_type": "mdx",
        "custom_editor_type": "custom_editor_model",
        "uid": "editor_model_134262995",
        "res_type": "kkres",
        "md5": "b27b15c79905bc1f671a4ba938a26cc3"
    },
    "model": {
        "meshes": [],
        "mdx_path": "Mdx\\\u8f66.mdx",
        "model_id": 134262995,
        "name": "Mdx\\\u8f66",
        "physics_meshes": [
            "custom_editor_model/mdx/AutoPhy_\u8f66.mdx"
        ],
        "mdx_textures": [
            "Textures/siegeenginehead",
            "Textures/CrystalSheild",
            "Textures/Rune4",
            "Textures/Yellow_Glow3",
            "Textures/CrystalBall",
            "Textures/Rune1d",
            "Textures/Clouds8x8",
            "Textures/Star8c",
            "Textures/ShockwaveWater1"
        ],
        "mdx_sounds": [
            "sound/Doodads/Barrens/Terrain/WyvernCage//WyvernCageDeath1.wav"
        ],
        "pickbound": [
            0.7322725057601929,
            1.8177390098571777
        ]
    },
    "preview_icon": {},
    "sub_type": "mdx",
    "res_type": "editor_model",
    "import_export_folder_info": "/code_explorer_custom_root_folder_name/\u4eba\u65cf/\u5efa\u7b51"
}