{
    "editor_model": {
        "model_id": 134255775,
        "select_effect_scale": 1.0,
        "describe": "Mdx\\\u77e5\u8bc6\u53e4\u6811",
        "name": "\u77e5\u8bc6\u53e4\u6811",
        "key": 134255775,
        "socket_info": {},
        "size": 1.0,
        "version": 1,
        "sub_type": "mdx",
        "custom_editor_type": "custom_editor_model",
        "uid": "editor_model_134255775",
        "res_type": "kkres",
        "md5": "634266aa42ede064fbb8fad392d7495c"
    },
    "model": {
        "meshes": [],
        "mdx_path": "Mdx\\\u77e5\u8bc6\u53e4\u6811.mdx",
        "model_id": 134255775,
        "name": "Mdx\\\u77e5\u8bc6\u53e4\u6811",
        "physics_meshes": [
            "custom_editor_model/mdx/AutoPhy_\u77e5\u8bc6\u53e4\u6811.mdx"
        ],
        "mdx_textures": [
            "Textures/rootbase",
            "buildings/NightElf/AncientofLore/AncientOfLore",
            "Textures/GenericGlow64",
            "Textures/grad6",
            "Textures/RibbonNE1_blue",
            "Textures/Dust5A",
            "Textures/star4_32"
        ],
        "mdx_sounds": [
            "sound/Sound/Buildings/Death//NightElfBuildingDeathLarge1.wav",
            "sound/Sound/Buildings/Death//AncientUprootDeath1.wav",
            "sound/Abilities/Spells/NightElf/EatTree//EatTreeTarget1.wav",
            "sound/Abilities/Spells/NightElf/Root//Root.wav",
            "sound/Abilities/Spells/NightElf/Uproot//Uproot.wav",
            "sound/Sound/Units/Footsteps//Step1.wav",
            "sound/Sound/Units/Footsteps//Step1.wav"
        ],
        "pickbound": [
            1.3149381875991821,
            2.1695199012756348
        ]
    },
    "preview_icon": {},
    "sub_type": "mdx",
    "res_type": "editor_model",
    "import_export_folder_info": "/code_explorer_custom_root_folder_name/\u7cbe\u7075\u65cf/\u5efa\u7b51"
}