{
    "editor_model": {
        "model_id": 134253327,
        "select_effect_scale": 1.0,
        "describe": "Mdx\\\u5c71\u5cad\u5de8\u4eba",
        "name": "\u5c71\u5cad\u5de8\u4eba",
        "key": 134253327,
        "socket_info": {},
        "size": 1.0,
        "version": 1,
        "sub_type": "mdx",
        "custom_editor_type": "custom_editor_model",
        "uid": "editor_model_134253327",
        "res_type": "kkres",
        "md5": "ece25c23ad36f4723744610cbcab1719"
    },
    "model": {
        "meshes": [],
        "mdx_path": "Mdx\\\u5c71\u5cad\u5de8\u4eba.mdx",
        "model_id": 134253327,
        "name": "Mdx\\\u5c71\u5cad\u5de8\u4eba",
        "physics_meshes": [
            "custom_editor_model/mdx/AutoPhy_\u5c71\u5cad\u5de8\u4eba.mdx"
        ],
        "mdx_textures": [
            "Textures/MountainGiant",
            "Textures/Clouds8x8"
        ],
        "mdx_sounds": [
            "sound/Units/NightElf/MountainGiant//MountainGiantDeath1.wav",
            "sound/Sound/Units/Footsteps//Step1.wav",
            "sound/Sound/Units/Footsteps//Step1.wav"
        ],
        "pickbound": [
            0.7516437768936157,
            2.3155295848846436
        ]
    },
    "preview_icon": {},
    "sub_type": "mdx",
    "res_type": "editor_model",
    "import_export_folder_info": "/code_explorer_custom_root_folder_name/\u7cbe\u7075\u65cf/\u751f\u7269"
}