{
    "editor_model": {
        "model_id": 134275661,
        "select_effect_scale": 1.0,
        "describe": "Mdx\\sem_wen_yi_zeng_e",
        "name": "sem_wen_yi_zeng_e",
        "key": 134275661,
        "socket_info": {},
        "size": 1.0,
        "version": 1,
        "sub_type": "mdx",
        "custom_editor_type": "custom_editor_model",
        "uid": "editor_model_134275661",
        "res_type": "kkres",
        "md5": "84e4870291f38960054dc26bb946493b"
    },
    "model": {
        "meshes": [],
        "mdx_path": "Mdx\\sem_wen_yi_zeng_e.mdx",
        "model_id": 134275661,
        "name": "Mdx\\sem_wen_yi_zeng_e",
        "physics_meshes": [
            "custom_editor_model/mdx/AutoPhy_sem_wen_yi_zeng_e.mdx"
        ],
        "mdx_textures": [
            "war3mapImported/z_tt_se_qq_qun_941442872_sem_wen_yi_zeng_e_tt1",
            "war3mapImported/z_tt_se_qq_qun_941442872_sem_wen_yi_zeng_e_tt2"
        ],
        "mdx_sounds": [],
        "pickbound": [
            0.9987658858299255,
            1.7741268873214722
        ]
    },
    "preview_icon": {},
    "sub_type": "mdx",
    "res_type": "editor_model",
    "import_export_folder_info": "/code_explorer_custom_root_folder_name/\u91cd\u5236\u7248"
}