{
    "editor_model": {
        "model_id": 134270895,
        "select_effect_scale": 1.0,
        "describe": "Mdx\\\u5229\u722a\u5fb7\u9c81\u4f0a",
        "name": "\u5229\u722a\u5fb7\u9c81\u4f0a",
        "key": 134270895,
        "socket_info": {},
        "size": 1.0,
        "version": 1,
        "sub_type": "mdx",
        "custom_editor_type": "custom_editor_model",
        "uid": "editor_model_134270895",
        "res_type": "kkres",
        "md5": "0f3fda6ddf085fe06f517c8fce4968ea"
    },
    "model": {
        "meshes": [],
        "mdx_path": "Mdx\\\u5229\u722a\u5fb7\u9c81\u4f0a.mdx",
        "model_id": 134270895,
        "name": "Mdx\\\u5229\u722a\u5fb7\u9c81\u4f0a",
        "physics_meshes": [
            "custom_editor_model/mdx/AutoPhy_\u5229\u722a\u5fb7\u9c81\u4f0a.mdx"
        ],
        "mdx_textures": [
            "units/NightElf/DruidOfTheClaw/Druidoftheclaw",
            "units/NightElf/DruidOfTheClaw/Bear",
            "Textures/gutz",
            "Textures/GenericGlow2b",
            "Textures/DeathScream",
            "Textures/RibbonNE1",
            "units/NightElf/DruidOfTheClaw/Tj_leaf"
        ],
        "mdx_sounds": [
            "sound/Units/NightElf/DruidOfTheClaw//DruidOfTheClawDeathAlternate1.wav",
            "sound/Units/NightElf/DruidOfTheClaw//DruidOfTheClawMorph1.wav",
            "sound/Units/NightElf/DruidOfTheClaw//DruidOfTheClawMorphAlternate1.wav",
            "sound/Units/NightElf/DruidOfTheClaw//DruidOfTheClawDeath1.wav",
            "sound/Abilities/Spells/NightElf/BattleRoar//BattleRoar.wav"
        ],
        "pickbound": [
            0.5429298877716064,
            1.5124400854110718
        ]
    },
    "preview_icon": {},
    "sub_type": "mdx",
    "res_type": "editor_model",
    "import_export_folder_info": "/code_explorer_custom_root_folder_name/\u7cbe\u7075\u65cf/\u751f\u7269"
}