{
    "editor_model": {
        "model_id": 134230651,
        "select_effect_scale": 1.0,
        "describe": "Mdx\\\u725b\u5934\u4eba\u914b\u957f",
        "name": "\u725b\u5934\u4eba\u914b\u957f",
        "key": 134230651,
        "socket_info": {},
        "size": 1.0,
        "version": 1,
        "sub_type": "mdx",
        "custom_editor_type": "custom_editor_model",
        "uid": "editor_model_134230651",
        "res_type": "kkres",
        "md5": "b10636ce6ff93fa17f54ef346f23ca79"
    },
    "model": {
        "meshes": [],
        "mdx_path": "Mdx\\\u725b\u5934\u4eba\u914b\u957f.mdx",
        "model_id": 134230651,
        "name": "Mdx\\\u725b\u5934\u4eba\u914b\u957f",
        "physics_meshes": [
            "custom_editor_model/mdx/AutoPhy_\u725b\u5934\u4eba\u914b\u957f.mdx"
        ],
        "mdx_textures": [
            "units/Orc/HeroTaurenChieftain/HeroTaurenChieftain",
            "Textures/RibbonBlur1"
        ],
        "mdx_sounds": [
            "sound/Units/Orc/HeroTaurenChieftain//HeroTaurenChieftainDeath.wav",
            "sound/Units/Orc/HeroTaurenChieftain//HeroTaurenChieftainAttack1.wav",
            "sound/Units/Orc/HeroTaurenChieftain//HeroTaurenChieftainAttack2.wav",
            "sound/Sound/Units/Footsteps//Step1.wav",
            "sound/Sound/Units/Footsteps//Step1.wav",
            "sound/Sound/Units/Orc//OrcDissipate1.wav",
            "sound/Units/Orc/HeroTaurenChieftain//WarStompBirth1.wav"
        ],
        "pickbound": [
            2.1622424125671387,
            2.5934979915618896
        ]
    },
    "preview_icon": {},
    "sub_type": "mdx",
    "res_type": "editor_model",
    "import_export_folder_info": "/code_explorer_custom_root_folder_name/\u517d\u65cf/\u751f\u7269"
}