{
    "editor_model": {
        "model_id": 134230048,
        "select_effect_scale": 1.0,
        "describe": "Mdx\\\u57ce\u9547\u5927\u5385",
        "name": "\u57ce\u9547\u5927\u5385",
        "key": 134230048,
        "socket_info": {},
        "size": 1.0,
        "version": 1,
        "sub_type": "mdx",
        "custom_editor_type": "custom_editor_model",
        "uid": "editor_model_134230048",
        "res_type": "kkres",
        "md5": "840d843d5fab912282c8e50d3e8ea6be"
    },
    "model": {
        "meshes": [],
        "mdx_path": "Mdx\\\u57ce\u9547\u5927\u5385.mdx",
        "model_id": 134230048,
        "name": "Mdx\\\u57ce\u9547\u5927\u5385",
        "physics_meshes": [
            "custom_editor_model/mdx/AutoPhy_\u57ce\u9547\u5927\u5385.mdx"
        ],
        "mdx_textures": [
            "buildings/Human/TownHall/TownHallCastleKeep",
            "Textures/Shockwave1",
            "ReplaceableTextures/Splats/HumanTownHallUberSplat",
            "Textures/Doodads0",
            "ReplaceableTextures/Splats/HumanCastleUberSplat",
            "Textures/DeathSmug",
            "Textures/CloudSingle",
            "Textures/RockParticle",
            "Textures/SpinningBoard",
            "Textures/Dust5A",
            "Textures/CartoonCloud",
            "Textures/Clouds8x8",
            "Textures/Dust3x",
            "Textures/Clouds8x8Mod"
        ],
        "mdx_sounds": [
            "sound/Sound/Buildings/Death//BuildingDeathLargeHuman.wav"
        ],
        "pickbound": [
            2.0173325538635254,
            4.967319965362549
        ]
    },
    "preview_icon": {},
    "sub_type": "mdx",
    "res_type": "editor_model",
    "import_export_folder_info": "/code_explorer_custom_root_folder_name/\u4eba\u65cf/\u5efa\u7b51"
}