{
    "editor_model": {
        "model_id": 134225615,
        "select_effect_scale": 1.0,
        "describe": "Mdx\\\u6697\u5f71\u730e\u624b",
        "name": "\u6697\u5f71\u730e\u624b",
        "key": 134225615,
        "socket_info": {},
        "size": 1.0,
        "version": 1,
        "sub_type": "mdx",
        "custom_editor_type": "custom_editor_model",
        "uid": "editor_model_134225615",
        "res_type": "kkres",
        "md5": "a6e1a81bc3c9005f463ae06cfae3624c"
    },
    "model": {
        "meshes": [],
        "mdx_path": "Mdx\\\u6697\u5f71\u730e\u624b.mdx",
        "model_id": 134225615,
        "name": "Mdx\\\u6697\u5f71\u730e\u624b",
        "physics_meshes": [
            "custom_editor_model/mdx/AutoPhy_\u6697\u5f71\u730e\u624b.mdx"
        ],
        "mdx_textures": [
            "Textures/HeroShadowHunter"
        ],
        "mdx_sounds": [
            "sound/Units/Orc/HeroShadowHunter//HeroShadowHunterDeath.wav",
            "sound/Sound/Units/Orc//OrcDissipate1.wav"
        ],
        "pickbound": [
            1.9435057640075684,
            3.380722761154175
        ]
    },
    "preview_icon": {},
    "sub_type": "mdx",
    "res_type": "editor_model",
    "import_export_folder_info": "/code_explorer_custom_root_folder_name/\u517d\u65cf/\u751f\u7269"
}