{
    "editor_model": {
        "model_id": 134282969,
        "select_effect_scale": 1.0,
        "describe": "Mdx\\\u6295\u77f3\u8f66",
        "name": "\u6295\u77f3\u8f66",
        "key": 134282969,
        "socket_info": {},
        "size": 1.0,
        "version": 1,
        "sub_type": "mdx",
        "custom_editor_type": "custom_editor_model",
        "uid": "editor_model_134282969",
        "res_type": "kkres",
        "md5": "267ee14468ccf165d71d1ec2315bd5bc"
    },
    "model": {
        "meshes": [],
        "mdx_path": "Mdx\\\u6295\u77f3\u8f66.mdx",
        "model_id": 134282969,
        "name": "Mdx\\\u6295\u77f3\u8f66",
        "physics_meshes": [
            "custom_editor_model/mdx/AutoPhy_\u6295\u77f3\u8f66.mdx"
        ],
        "mdx_textures": [
            "Textures/Ballista",
            "Textures/Wirlwinds",
            "Textures/CloudSingle",
            "Textures/Leaf"
        ],
        "mdx_sounds": [
            "sound/Units/NightElf/Ballista//BallistaDeath1.wav",
            "sound/Units/NightElf/Ballista//BallistaAttackEffort1.wav"
        ],
        "pickbound": [
            0.9349725246429443,
            0.8843880891799927
        ]
    },
    "preview_icon": {},
    "sub_type": "mdx",
    "res_type": "editor_model",
    "import_export_folder_info": "/code_explorer_custom_root_folder_name/\u7cbe\u7075\u65cf/\u751f\u7269"
}