{
    "134245072": {
        "editor_effect": {
            "model_id": 134278512,
            "preview_icon": "",
            "name": "\u5f13\u7bad\u624b\u7206\u70b9",
            "describe": "134245072",
            "key": 134245072,
            "res_type": "kkres",
            "res_identify": "",
            "scale": 1.0,
            "uid": "134245072",
            "source_effect": [
                100793
            ],
            "version": 1,
            "md5": "a0ef7e3a176b3c28dc709597f74582b1",
            "deps_info": {
                "deps": [
                    [
                        "editor_icon",
                        902156
                    ],
                    [
                        "editor_icon",
                        901307
                    ]
                ],
                "sound_id_list": []
            }
        },
        "model": {
            "name": "\u5f13\u7bad\u624b\u7206\u70b9",
            "model_id": 134278512,
            "effect_path": "fx/com_fx/hit_fx/hit_common_01_copy",
            "meshes": [],
            "custom": true,
            "effect_keep": false,
            "effect_max_life": 0.399999999,
            "is_beam_effect": false
        }
    },
    "sub_type": null,
    "res_type": "editor_effect",
    "import_export_folder_info": "/code_explorer_custom_root_folder_name"
}