{
    "editor_model": {
        "model_id": 134230332,
        "select_effect_scale": 1.0,
        "describe": "Mdx\\\u9f99\u9e70\u9a91\u58eb2",
        "name": "\u9f99\u9e70\u9a91\u58eb2",
        "key": 134230332,
        "socket_info": {},
        "size": 1.0,
        "version": 1,
        "sub_type": "mdx",
        "custom_editor_type": "custom_editor_model",
        "uid": "editor_model_134230332",
        "res_type": "kkres",
        "md5": "393f5d1c603a2c10235d730688c205ca"
    },
    "model": {
        "meshes": [],
        "mdx_path": "Mdx\\\u9f99\u9e70\u9a91\u58eb2.mdx",
        "model_id": 134230332,
        "name": "Mdx\\\u9f99\u9e70\u9a91\u58eb2",
        "physics_meshes": [
            "custom_editor_model/mdx/AutoPhy_\u9f99\u9e70\u9a91\u58eb2.mdx"
        ],
        "mdx_textures": [
            "units/Creeps/WindSerpent/Dragonhawk",
            "Textures/Blue_Star2"
        ],
        "mdx_sounds": [
            "sound/Units/Creeps/WindSerpent//DragonHawkDeath1.wav"
        ],
        "pickbound": [
            0.7949163913726807,
            1.6493589878082275
        ]
    },
    "preview_icon": {},
    "sub_type": "mdx",
    "res_type": "editor_model",
    "import_export_folder_info": "/code_explorer_custom_root_folder_name/\u4eba\u65cf/\u751f\u7269"
}