{
    "editor_model": {
        "model_id": 134265055,
        "select_effect_scale": 1.0,
        "describe": "Mdx\\\u79d1\u591a\u517d2",
        "name": "\u79d1\u591a\u517d2",
        "key": 134265055,
        "socket_info": {},
        "size": 1.0,
        "version": 1,
        "sub_type": "mdx",
        "custom_editor_type": "custom_editor_model",
        "uid": "editor_model_134265055",
        "res_type": "kkres",
        "md5": "cfbeb52a88f2c2c67a5d93652506d24c"
    },
    "model": {
        "meshes": [],
        "mdx_path": "Mdx\\\u79d1\u591a\u517d2.mdx",
        "model_id": 134265055,
        "name": "Mdx\\\u79d1\u591a\u517d2",
        "physics_meshes": [
            "custom_editor_model/mdx/AutoPhy_\u79d1\u591a\u517d2.mdx"
        ],
        "mdx_textures": [
            "Textures/KotoBeast",
            "Textures/gutz"
        ],
        "mdx_sounds": [
            "sound/Units/Orc/KotoBeast//Devour.wav",
            "sound/Units/Orc/KotoBeast//KodoBeastDeath.wav",
            "sound/Sound/Units/Footsteps//Step1.wav",
            "sound/Sound/Units/Footsteps//Step1.wav"
        ],
        "pickbound": [
            0.7152916193008423,
            1.6052898168563843
        ]
    },
    "preview_icon": {},
    "sub_type": "mdx",
    "res_type": "editor_model",
    "import_export_folder_info": "/code_explorer_custom_root_folder_name/\u517d\u65cf/\u751f\u7269"
}