{
    "editor_model": {
        "model_id": 134263867,
        "select_effect_scale": 1.0,
        "describe": "Mdx\\\u9ad8\u7b49\u7cbe\u7075\u519c\u573a8",
        "name": "\u9ad8\u7b49\u7cbe\u7075\u519c\u573a8",
        "key": 134263867,
        "socket_info": {},
        "size": 1.0,
        "version": 1,
        "sub_type": "mdx",
        "custom_editor_type": "custom_editor_model",
        "uid": "editor_model_134263867",
        "res_type": "kkres",
        "md5": "fd8cd411d0225e67a2634ee8f60d8b0b"
    },
    "model": {
        "meshes": [],
        "mdx_path": "Mdx\\\u9ad8\u7b49\u7cbe\u7075\u519c\u573a8.mdx",
        "model_id": 134263867,
        "name": "Mdx\\\u9ad8\u7b49\u7cbe\u7075\u519c\u573a8",
        "physics_meshes": [
            "custom_editor_model/mdx/AutoPhy_\u9ad8\u7b49\u7cbe\u7075\u519c\u573a8.mdx"
        ],
        "mdx_textures": [
            "Textures/ElvenFarm",
            "Textures/Dust5A",
            "Textures/RockParticle",
            "Textures/SpinningBoard",
            "Textures/Clouds8x8Fire",
            "Textures/CartoonCloud",
            "Textures/Dust3x"
        ],
        "mdx_sounds": [
            "sound/Sound/Buildings/Death//BuildingDeathSmallHuman.wav"
        ],
        "pickbound": [
            1.3460726737976074,
            5.204629898071289
        ]
    },
    "preview_icon": {},
    "sub_type": "mdx",
    "res_type": "editor_model",
    "import_export_folder_info": "/code_explorer_custom_root_folder_name/\u4eba\u65cf/\u5efa\u7b51"
}