{
    "editor_model": {
        "model_id": 134282190,
        "select_effect_scale": 1.0,
        "describe": "Mdx\\\u5e7d\u9b42\u4e4b\u72fc",
        "name": "\u5e7d\u9b42\u4e4b\u72fc",
        "key": 134282190,
        "socket_info": {},
        "size": 1.0,
        "version": 1,
        "sub_type": "mdx",
        "custom_editor_type": "custom_editor_model",
        "uid": "editor_model_134282190",
        "res_type": "kkres",
        "md5": "010ccf237aa9881885fe3711eb90120b"
    },
    "model": {
        "meshes": [],
        "mdx_path": "Mdx\\\u5e7d\u9b42\u4e4b\u72fc.mdx",
        "model_id": 134282190,
        "name": "Mdx\\\u5e7d\u9b42\u4e4b\u72fc",
        "physics_meshes": [
            "custom_editor_model/mdx/AutoPhy_\u5e7d\u9b42\u4e4b\u72fc.mdx"
        ],
        "mdx_textures": [
            "units/Orc/Spiritwolf/FeralSpirit",
            "Textures/GenericGlow2b",
            "Textures/DeathScream",
            "Textures/gutz",
            "Textures/Zap1_Red",
            "Textures/star2_32"
        ],
        "mdx_sounds": [
            "sound/Sound/Units/Orc//OrcDissipate1.wav"
        ],
        "pickbound": [
            1.1428263187408447,
            2.028247117996216
        ]
    },
    "preview_icon": {},
    "sub_type": "mdx",
    "res_type": "editor_model",
    "import_export_folder_info": "/code_explorer_custom_root_folder_name/\u517d\u65cf/\u751f\u7269"
}