{
    "editor_model": {
        "model_id": 134274883,
        "select_effect_scale": 1.0,
        "describe": "Mdx\\sem_nuo_sen_de_qi_e_dui",
        "name": "sem_nuo_sen_de_qi_e_dui",
        "key": 134274883,
        "socket_info": {},
        "size": 1.0,
        "version": 1,
        "sub_type": "mdx",
        "custom_editor_type": "custom_editor_model",
        "uid": "editor_model_134274883",
        "res_type": "kkres",
        "md5": "30d8f8d15f1144aac264fbbbde7e01b2"
    },
    "model": {
        "meshes": [],
        "mdx_path": "Mdx\\sem_nuo_sen_de_qi_e_dui.mdx",
        "model_id": 134274883,
        "name": "Mdx\\sem_nuo_sen_de_qi_e_dui",
        "physics_meshes": [
            "custom_editor_model/mdx/AutoPhy_sem_nuo_sen_de_qi_e_dui.mdx"
        ],
        "mdx_textures": [
            "Textures/white",
            "war3mapImported/z_tt_se_qq_qun_941442872_sem_nuo_sen_de_qi_e_dui_tt1"
        ],
        "mdx_sounds": [],
        "pickbound": [
            0.05647649988532066,
            0.17058426141738892
        ]
    },
    "preview_icon": {},
    "sub_type": "mdx",
    "res_type": "editor_model",
    "import_export_folder_info": "/code_explorer_custom_root_folder_name/\u91cd\u5236\u7248"
}