{
    "editor_model": {
        "model_id": 134273292,
        "select_effect_scale": 1.0,
        "describe": "Mdx\\\u795e\u79d8\u5723\u5730",
        "name": "\u795e\u79d8\u5723\u5730",
        "key": 134273292,
        "socket_info": {},
        "size": 1.0,
        "version": 1,
        "sub_type": "mdx",
        "custom_editor_type": "custom_editor_model",
        "uid": "editor_model_134273292",
        "res_type": "kkres",
        "md5": "0a2c5bea7946c0b9d1c7985fb6c5efb3"
    },
    "model": {
        "meshes": [],
        "mdx_path": "Mdx\\\u795e\u79d8\u5723\u5730.mdx",
        "model_id": 134273292,
        "name": "Mdx\\\u795e\u79d8\u5723\u5730",
        "physics_meshes": [
            "custom_editor_model/mdx/AutoPhy_\u795e\u79d8\u5723\u5730.mdx"
        ],
        "mdx_textures": [
            "Textures/Doodads0",
            "Textures/DeathSmug",
            "buildings/Human/ArcaneSanctum/ArcaneSanctum",
            "Textures/HumanBase",
            "Textures/RockParticle",
            "Textures/SpinningBoard",
            "Textures/CartoonCloud",
            "Textures/Dust5A",
            "ReplaceableTextures/Weather/Clouds8x8",
            "Textures/Dust3x",
            "Textures/Purple_Star",
            "Textures/CloudSingle"
        ],
        "mdx_sounds": [
            "sound/Sound/Buildings/Death//BuildingDeathSmallHuman.wav"
        ],
        "pickbound": [
            1.48300302028656,
            4.6204400062561035
        ]
    },
    "preview_icon": {},
    "sub_type": "mdx",
    "res_type": "editor_model",
    "import_export_folder_info": "/code_explorer_custom_root_folder_name/\u4eba\u65cf/\u5efa\u7b51"
}