{
    "editor_model": {
        "model_id": 134248328,
        "select_effect_scale": 1.0,
        "describe": "Mdx\\\u84dd\u5e7c\u9f99",
        "name": "\u84dd\u5e7c\u9f99",
        "key": 134248328,
        "socket_info": {},
        "size": 1.0,
        "version": 1,
        "sub_type": "mdx",
        "custom_editor_type": "custom_editor_model",
        "uid": "editor_model_134248328",
        "res_type": "kkres",
        "md5": "d54c6a1f659cf6b2dc98702865845e98"
    },
    "model": {
        "meshes": [],
        "mdx_path": "Mdx\\\u84dd\u5e7c\u9f99.mdx",
        "model_id": 134248328,
        "name": "Mdx\\\u84dd\u5e7c\u9f99",
        "physics_meshes": [
            "custom_editor_model/mdx/AutoPhy_\u84dd\u5e7c\u9f99.mdx"
        ],
        "mdx_textures": [
            "Textures/AzureDragon",
            "Textures/Shockwave1b",
            "Textures/Tj_BloodSput",
            "ReplaceableTextures/Weather/Clouds8x8"
        ],
        "mdx_sounds": [
            "sound/Units/Creeps/BlackDragon//BlackDragonAttack1.wav",
            "sound/Units/Creeps/AzureDragon//DragonDeath1.wav",
            "sound/Units/Orc/KotoBeast//Devour.wav"
        ],
        "pickbound": [
            1.297134518623352,
            2.096749782562256
        ]
    },
    "preview_icon": {},
    "sub_type": "mdx",
    "res_type": "editor_model",
    "import_export_folder_info": "/code_explorer_custom_root_folder_name/\u4e2d\u7acb\u654c\u5bf9"
}