{
    "editor_model": {
        "model_id": 134272733,
        "select_effect_scale": 1.0,
        "describe": "Mdx\\\u5c71\u4e18\u4e4b\u738b",
        "name": "\u5c71\u4e18\u4e4b\u738b",
        "key": 134272733,
        "socket_info": {},
        "size": 1.0,
        "version": 1,
        "sub_type": "mdx",
        "custom_editor_type": "custom_editor_model",
        "uid": "editor_model_134272733",
        "res_type": "kkres",
        "md5": "38bc6010f1bb354d9c132c4ba6d7228d"
    },
    "model": {
        "meshes": [],
        "mdx_path": "Mdx\\\u5c71\u4e18\u4e4b\u738b.mdx",
        "model_id": 134272733,
        "name": "Mdx\\\u5c71\u4e18\u4e4b\u738b",
        "physics_meshes": [
            "custom_editor_model/mdx/AutoPhy_\u5c71\u4e18\u4e4b\u738b.mdx"
        ],
        "mdx_textures": [
            "Textures/heromountainking",
            "units/Human/HeroMountainKing/heromountainkingAvatar",
            "Textures/star2_32",
            "Textures/GenericGlowFaded",
            "Textures/CloudSingle"
        ],
        "mdx_sounds": [
            "sound/Units/Human/HeroMountainKing//HeroMountainKingDeath.wav",
            "sound/Units/Human/HeroMountainKing//HeroMountainKingAttack1.wav",
            "sound/Sound/Units/Human//HumanDissipate1.wav"
        ],
        "pickbound": [
            1.0840449333190918,
            1.1650480031967163
        ]
    },
    "preview_icon": {},
    "sub_type": "mdx",
    "res_type": "editor_model",
    "import_export_folder_info": "/code_explorer_custom_root_folder_name/\u4eba\u65cf/\u751f\u7269"
}