{
    "editor_model": {
        "model_id": 134278131,
        "select_effect_scale": 1.0,
        "describe": "Mdx\\\u5929\u6012\u4e4b\u5854",
        "name": "\u5929\u6012\u4e4b\u5854",
        "key": 134278131,
        "socket_info": {},
        "size": 1.0,
        "version": 1,
        "sub_type": "mdx",
        "custom_editor_type": "custom_editor_model",
        "uid": "editor_model_134278131",
        "res_type": "kkres",
        "md5": "bc7f4cd892cfda441b1c800e720dbd99"
    },
    "model": {
        "meshes": [],
        "mdx_path": "Mdx\\\u5929\u6012\u4e4b\u5854.mdx",
        "model_id": 134278131,
        "name": "Mdx\\\u5929\u6012\u4e4b\u5854",
        "physics_meshes": [
            "custom_editor_model/mdx/AutoPhy_\u5929\u6012\u4e4b\u5854.mdx"
        ],
        "mdx_textures": [
            "Textures/DeathSmug",
            "Textures/ElvenGuardTower",
            "Textures/GenericGlow5",
            "Textures/GenericGlow2b",
            "Textures/CloudSingle",
            "ReplaceableTextures/Weather/Clouds8x8",
            "Textures/CartoonCloud",
            "Textures/Dust3x",
            "Textures/Dust5A",
            "Textures/RockParticle",
            "Textures/SpinningBoard"
        ],
        "mdx_sounds": [
            "sound/Sound/Buildings/Death//BuildingDeathSmallHuman.wav"
        ],
        "pickbound": [
            0.8116549253463745,
            4.124526023864746
        ]
    },
    "preview_icon": {},
    "sub_type": "mdx",
    "res_type": "editor_model",
    "import_export_folder_info": "/code_explorer_custom_root_folder_name/\u4eba\u65cf/\u5efa\u7b51"
}