{
    "editor_model": {
        "model_id": 134234311,
        "select_effect_scale": 1.0,
        "describe": "Mdx\\\u6c11\u5175",
        "name": "\u6c11\u5175",
        "key": 134234311,
        "socket_info": {},
        "size": 1.0,
        "version": 1,
        "sub_type": "mdx",
        "custom_editor_type": "custom_editor_model",
        "uid": "editor_model_134234311",
        "res_type": "kkres",
        "md5": "cb160b60759c7e3a9f201ce058e6c42f"
    },
    "model": {
        "meshes": [],
        "mdx_path": "Mdx\\\u6c11\u5175.mdx",
        "model_id": 134234311,
        "name": "Mdx\\\u6c11\u5175",
        "physics_meshes": [
            "custom_editor_model/mdx/AutoPhy_\u6c11\u5175.mdx"
        ],
        "mdx_textures": [
            "units/Human/Militia/PeasantMilitia",
            "Textures/gutz"
        ],
        "mdx_sounds": [
            "sound/Units/Human/Peasant//PeasantDeath.wav",
            "sound/Abilities/Spells/Other/Repair//PeonRepair1.wav"
        ],
        "pickbound": [
            0.3255067467689514,
            0.9499804377555847
        ]
    },
    "preview_icon": {},
    "sub_type": "mdx",
    "res_type": "editor_model",
    "import_export_folder_info": "/code_explorer_custom_root_folder_name/\u4eba\u65cf/\u751f\u7269"
}