{
    "editor_model": {
        "model_id": 134226704,
        "select_effect_scale": 1.0,
        "describe": "Mdx\\\u6cbb\u7597\u5b88\u536b",
        "name": "\u6cbb\u7597\u5b88\u536b",
        "key": 134226704,
        "socket_info": {},
        "size": 1.0,
        "version": 1,
        "sub_type": "mdx",
        "custom_editor_type": "custom_editor_model",
        "uid": "editor_model_134226704",
        "res_type": "kkres",
        "md5": "5506261c3d604e874f0154b6652eb980"
    },
    "model": {
        "meshes": [],
        "mdx_path": "Mdx\\\u6cbb\u7597\u5b88\u536b.mdx",
        "model_id": 134226704,
        "name": "Mdx\\\u6cbb\u7597\u5b88\u536b",
        "physics_meshes": [
            "custom_editor_model/mdx/AutoPhy_\u6cbb\u7597\u5b88\u536b.mdx"
        ],
        "mdx_textures": [
            "Textures/Wards1",
            "units/Orc/HealingWard/Rune2",
            "units/Orc/HealingWard/Rune3",
            "Textures/Red_Glow2",
            "Textures/GenericGlowFaded",
            "Textures/Dust5A",
            "Textures/Shockwave10"
        ],
        "mdx_sounds": [
            "sound/Units/Orc/HealingWard//PlaceAncestralGuardian.wav",
            "sound/Units/Orc/SentryWard//SentryWardDeath1.wav"
        ],
        "pickbound": [
            0.7383779287338257,
            1.8258110284805298
        ]
    },
    "preview_icon": {},
    "sub_type": "mdx",
    "res_type": "editor_model",
    "import_export_folder_info": "/code_explorer_custom_root_folder_name/\u517d\u65cf/\u751f\u7269"
}