{
    "editor_model": {
        "model_id": 134279523,
        "select_effect_scale": 1.0,
        "describe": "Mdx\\\u519c\u573a",
        "name": "\u519c\u573a",
        "key": 134279523,
        "socket_info": {},
        "size": 1.0,
        "version": 1,
        "sub_type": "mdx",
        "custom_editor_type": "custom_editor_model",
        "uid": "editor_model_134279523",
        "res_type": "kkres",
        "md5": "0caaf6214348b355e0e145ece0ed3554"
    },
    "model": {
        "meshes": [],
        "mdx_path": "Mdx\\\u519c\u573a.mdx",
        "model_id": 134279523,
        "name": "Mdx\\\u519c\u573a",
        "physics_meshes": [
            "custom_editor_model/mdx/AutoPhy_\u519c\u573a.mdx"
        ],
        "mdx_textures": [
            "buildings/Human/Farm/House",
            "Textures/Doodads0",
            "Textures/HumanBase",
            "Textures/DeathSmug",
            "Textures/Dust5A",
            "Textures/CloudSingle",
            "Textures/RockParticle",
            "Textures/SpinningBoard",
            "Textures/Clouds8x8Fire",
            "Textures/CartoonCloud",
            "Textures/Dust3x"
        ],
        "mdx_sounds": [
            "sound/Sound/Buildings/Death//BuildingDeathSmallHuman.wav"
        ],
        "pickbound": [
            0.8592700958251953,
            2.3375651836395264
        ]
    },
    "preview_icon": {},
    "sub_type": "mdx",
    "res_type": "editor_model",
    "import_export_folder_info": "/code_explorer_custom_root_folder_name/\u4eba\u65cf/\u5efa\u7b51"
}