{
    "editor_model": {
        "model_id": 134272745,
        "select_effect_scale": 1.0,
        "describe": "Mdx\\sem_ku_lou",
        "name": "sem_ku_lou",
        "key": 134272745,
        "socket_info": {},
        "size": 1.0,
        "version": 1,
        "sub_type": "mdx",
        "custom_editor_type": "custom_editor_model",
        "uid": "editor_model_134272745",
        "res_type": "kkres",
        "md5": "368e6a239119360b2496b985bb482723"
    },
    "model": {
        "meshes": [],
        "mdx_path": "Mdx\\sem_ku_lou.mdx",
        "model_id": 134272745,
        "name": "Mdx\\sem_ku_lou",
        "physics_meshes": [
            "custom_editor_model/mdx/AutoPhy_sem_ku_lou.mdx"
        ],
        "mdx_textures": [
            "war3mapImported/z_tt_se_qq_qun_941442872_sem_ku_lou_tt1",
            "Textures/Bandit"
        ],
        "mdx_sounds": [
            "sound/Units/Undead/Skeleton//SkeletonDeath1.wav",
            "sound/Units/Undead/Skeleton//SkeletonDeath1.wav"
        ],
        "pickbound": [
            0.6578063368797302,
            1.5175408124923706
        ]
    },
    "preview_icon": {},
    "sub_type": "mdx",
    "res_type": "editor_model",
    "import_export_folder_info": "/code_explorer_custom_root_folder_name/\u91cd\u5236\u7248"
}