{
    "editor_model": {
        "model_id": 134228475,
        "select_effect_scale": 1.0,
        "describe": "Mdx\\\u795e\u79d8\u77ad\u671b\u5854",
        "name": "\u795e\u79d8\u77ad\u671b\u5854",
        "key": 134228475,
        "socket_info": {},
        "size": 1.0,
        "version": 1,
        "sub_type": "mdx",
        "custom_editor_type": "custom_editor_model",
        "uid": "editor_model_134228475",
        "res_type": "kkres",
        "md5": "9eee9bcd260ebe043b2b925136fb1d9a"
    },
    "model": {
        "meshes": [],
        "mdx_path": "Mdx\\\u795e\u79d8\u77ad\u671b\u5854.mdx",
        "model_id": 134228475,
        "name": "Mdx\\\u795e\u79d8\u77ad\u671b\u5854",
        "physics_meshes": [
            "custom_editor_model/mdx/AutoPhy_\u795e\u79d8\u77ad\u671b\u5854.mdx"
        ],
        "mdx_textures": [
            "buildings/Other/ArcaneObservatory/ArcaneObservatory",
            "Textures/Shockwave1",
            "Textures/Doodads0",
            "ReplaceableTextures/Splats/HumanCastleUberSplat",
            "buildings/Other/ArcaneObservatory/DalaranBuildings",
            "Textures/DeathSmug",
            "Textures/Blue_Glow2",
            "buildings/Other/ArcaneObservatory/ArcaneObservatoryBusted00",
            "buildings/Other/ArcaneObservatory/ArcaneObservatoryBusted01",
            "buildings/Other/ArcaneObservatory/ArcaneObservatoryBusted02",
            "buildings/Other/ArcaneObservatory/ArcaneObservatoryBusted03",
            "buildings/Other/ArcaneObservatory/ArcaneObservatoryBusted04",
            "buildings/Other/ArcaneObservatory/ArcaneObservatoryBusted05",
            "buildings/Other/ArcaneObservatory/ArcaneObservatoryBusted06",
            "buildings/Other/ArcaneObservatory/ArcaneObservatoryBusted07",
            "buildings/Other/ArcaneObservatory/ArcaneObservatoryBusted08",
            "buildings/Other/ArcaneObservatory/ArcaneObservatoryBusted09",
            "buildings/Other/ArcaneObservatory/ArcaneObservatoryBusted10",
            "buildings/Other/ArcaneObservatory/ArcaneObservatoryBusted11",
            "buildings/Other/ArcaneObservatory/ArcaneObservatoryBusted12",
            "buildings/Other/ArcaneObservatory/ArcaneObservatoryBusted13",
            "buildings/Other/ArcaneObservatory/ArcaneObservatoryBusted14",
            "Textures/CloudSingle",
            "Textures/RockParticle",
            "Textures/SpinningBoard",
            "Textures/Dust5A",
            "Textures/CartoonCloud",
            "Textures/Clouds8x8",
            "Textures/Dust3x",
            "Textures/Clouds8x8Mod"
        ],
        "mdx_sounds": [
            "sound/Sound/Buildings/Death//BuildingDeathLargeHuman.wav"
        ],
        "pickbound": [
            2.362776756286621,
            9.2855806350708
        ]
    },
    "preview_icon": {},
    "sub_type": "mdx",
    "res_type": "editor_model",
    "import_export_folder_info": "/code_explorer_custom_root_folder_name/\u4eba\u65cf/\u5efa\u7b51"
}