{
    "editor_model": {
        "model_id": 134234597,
        "select_effect_scale": 1.0,
        "describe": "Mdx\\\u6bd2\u86c7\u5b88\u536b",
        "name": "\u6bd2\u86c7\u5b88\u536b",
        "key": 134234597,
        "socket_info": {},
        "size": 1.0,
        "version": 1,
        "sub_type": "mdx",
        "custom_editor_type": "custom_editor_model",
        "uid": "editor_model_134234597",
        "res_type": "kkres",
        "md5": "1f1c079e551d911e73f1b95fa9b51e87"
    },
    "model": {
        "meshes": [],
        "mdx_path": "Mdx\\\u6bd2\u86c7\u5b88\u536b.mdx",
        "model_id": 134234597,
        "name": "Mdx\\\u6bd2\u86c7\u5b88\u536b",
        "physics_meshes": [
            "custom_editor_model/mdx/AutoPhy_\u6bd2\u86c7\u5b88\u536b.mdx"
        ],
        "mdx_textures": [
            "units/Orc/SerpentWard/SnakeWard_Red",
            "Textures/Wards1",
            "Textures/Red_Glow2",
            "Textures/Dust5A"
        ],
        "mdx_sounds": [
            "sound/Units/Orc/AncestralGuardian//AncestralGuardianAttack1.wav",
            "sound/Units/Orc/SentryWard//SentryWardDeath1.wav",
            "sound/Units/Orc/HealingWard//PlaceAncestralGuardian.wav"
        ],
        "pickbound": [
            1.4911363124847412,
            3.3833060264587402
        ]
    },
    "preview_icon": {},
    "sub_type": "mdx",
    "res_type": "editor_model",
    "import_export_folder_info": "/code_explorer_custom_root_folder_name/\u517d\u65cf/\u751f\u7269"
}