{
    "editor_model": {
        "model_id": 134218935,
        "select_effect_scale": 1.0,
        "describe": "Mdx\\\u4e4c\u745f\u5c14",
        "name": "\u4e4c\u745f\u5c14",
        "key": 134218935,
        "socket_info": {},
        "size": 1.0,
        "version": 1,
        "sub_type": "mdx",
        "custom_editor_type": "custom_editor_model",
        "uid": "editor_model_134218935",
        "res_type": "kkres",
        "md5": "c5b5d48d761274e99009df864b1dbb36"
    },
    "model": {
        "meshes": [],
        "mdx_path": "Mdx\\\u4e4c\u745f\u5c14.mdx",
        "model_id": 134218935,
        "name": "Mdx\\\u4e4c\u745f\u5c14",
        "physics_meshes": [
            "custom_editor_model/mdx/AutoPhy_\u4e4c\u745f\u5c14.mdx"
        ],
        "mdx_textures": [
            "units/Human/Uther/Uther"
        ],
        "mdx_sounds": [
            "sound/Units/Human/HeroPaladin//HeroPaladinDeath.wav",
            "sound/Units/Human/HeroPaladin//HeroPaladinAttack1.wav",
            "sound/Units/Human/HeroPaladin//HeroPaladinAttack2.wav",
            "sound/Sound/Units/Human//HumanDissipate1.wav"
        ],
        "pickbound": [
            1.4213745594024658,
            1.185591220855713
        ]
    },
    "preview_icon": {},
    "sub_type": "mdx",
    "res_type": "editor_model",
    "import_export_folder_info": "/code_explorer_custom_root_folder_name/\u4eba\u65cf/\u751f\u7269"
}