{
    "Format": "wav",
    "IsCustom": true,
    "SoundPath": "134229965",
    "custom_editor_type": "custom_editor_sound",
    "describe": "",
    "key": 134229965,
    "md5": "bf7b1e9b8f28e6d87362a7420b3b4712",
    "name": "HeroMountainKingWhat2",
    "res_name": "HeroMountainKingWhat2.wav",
    "source": "code_Source_Import",
    "sub_type": "sound",
    "uid": 134229965,
    "version": 1,
    "res_type": "editor_sound",
    "import_export_folder_info": "/code_explorer_custom_root_folder_name/\u5c71\u4e18\u4e4b\u738b"
}