{
    "editor_model": {
        "model_id": 134255482,
        "select_effect_scale": 1.0,
        "describe": "Mdx\\\u7eb3\u5179\u76d6\u5c14",
        "name": "\u7eb3\u5179\u76d6\u5c14",
        "key": 134255482,
        "socket_info": {},
        "size": 1.0,
        "version": 1,
        "sub_type": "mdx",
        "custom_editor_type": "custom_editor_model",
        "uid": "editor_model_134255482",
        "res_type": "kkres",
        "md5": "1372475880139d9d4073dbcd1c67c5bb"
    },
    "model": {
        "meshes": [],
        "mdx_path": "Mdx\\\u7eb3\u5179\u76d6\u5c14.mdx",
        "model_id": 134255482,
        "name": "Mdx\\\u7eb3\u5179\u76d6\u5c14",
        "physics_meshes": [
            "custom_editor_model/mdx/AutoPhy_\u7eb3\u5179\u76d6\u5c14.mdx"
        ],
        "mdx_textures": [
            "units/Orc/Wolfrider/Wolfrider",
            "Textures/gutz",
            "Textures/Dust3x"
        ],
        "mdx_sounds": [
            "sound/Units/Orc/Wolfrider//RaiderDeath.wav"
        ],
        "pickbound": [
            0.4852638840675354,
            1.7021311521530151
        ]
    },
    "preview_icon": {},
    "sub_type": "mdx",
    "res_type": "editor_model",
    "import_export_folder_info": "/code_explorer_custom_root_folder_name/\u517d\u65cf/\u751f\u7269"
}