{
    "editor_model": {
        "model_id": 134225704,
        "select_effect_scale": 1.0,
        "describe": "Mdx\\\u90aa\u6076\u7684\u82e6\u5de5",
        "name": "\u90aa\u6076\u7684\u82e6\u5de5",
        "key": 134225704,
        "socket_info": {},
        "size": 1.0,
        "version": 1,
        "sub_type": "mdx",
        "custom_editor_type": "custom_editor_model",
        "uid": "editor_model_134225704",
        "res_type": "kkres",
        "md5": "7c73c21d15146216775d29014bf84d00"
    },
    "model": {
        "meshes": [],
        "mdx_path": "Mdx\\\u90aa\u6076\u7684\u82e6\u5de5.mdx",
        "model_id": 134225704,
        "name": "Mdx\\\u90aa\u6076\u7684\u82e6\u5de5",
        "physics_meshes": [
            "custom_editor_model/mdx/AutoPhy_\u90aa\u6076\u7684\u82e6\u5de5.mdx"
        ],
        "mdx_textures": [
            "units/Demon/ChaosPeon/ChaosPeon",
            "Textures/gutz"
        ],
        "mdx_sounds": [
            "sound/Units/Orc/Peon//PeonDeath.wav",
            "sound/Abilities/Spells/Other/Repair//PeonRepair1.wav"
        ],
        "pickbound": [
            0.37939536571502686,
            0.8927416205406189
        ]
    },
    "preview_icon": {},
    "sub_type": "mdx",
    "res_type": "editor_model",
    "import_export_folder_info": "/code_explorer_custom_root_folder_name/\u517d\u65cf/\u751f\u7269"
}