{
    "editor_model": {
        "model_id": 134241613,
        "select_effect_scale": 1.0,
        "describe": "Mdx\\\u7cbe\u7075\u62a4\u536b\u8230",
        "name": "\u7cbe\u7075\u62a4\u536b\u8230",
        "key": 134241613,
        "socket_info": {},
        "size": 1.0,
        "version": 1,
        "sub_type": "mdx",
        "custom_editor_type": "custom_editor_model",
        "uid": "editor_model_134241613",
        "res_type": "kkres",
        "md5": "49f5cbcaa8c490aa47eaa1bc38459ec5"
    },
    "model": {
        "meshes": [],
        "mdx_path": "Mdx\\\u7cbe\u7075\u62a4\u536b\u8230.mdx",
        "model_id": 134241613,
        "name": "Mdx\\\u7cbe\u7075\u62a4\u536b\u8230",
        "physics_meshes": [
            "custom_editor_model/mdx/AutoPhy_\u7cbe\u7075\u62a4\u536b\u8230.mdx"
        ],
        "mdx_textures": [
            "Textures/HumanDestroyerShip",
            "units/NightElf/NightElfDestroyerShip/NightElfDestroyerShip",
            "Textures/WaterWake3",
            "Textures/WaterBlobs1",
            "Textures/White_64_Foam1",
            "Textures/Clouds8x8",
            "Textures/LavaLump2"
        ],
        "mdx_sounds": [
            "sound/Doodads/Northrend/Water/Battleship//BattleShipDeath1.wav"
        ],
        "pickbound": [
            1.020949125289917,
            2.305375814437866
        ]
    },
    "preview_icon": {},
    "sub_type": "mdx",
    "res_type": "editor_model",
    "import_export_folder_info": "/code_explorer_custom_root_folder_name/\u7cbe\u7075\u65cf/\u751f\u7269"
}