{
    "editor_model": {
        "model_id": 134263067,
        "select_effect_scale": 1.0,
        "describe": "Mdx\\\u5c24\u8fea\u5b89",
        "name": "\u5c24\u8fea\u5b89",
        "key": 134263067,
        "socket_info": {},
        "size": 1.0,
        "version": 1,
        "sub_type": "mdx",
        "custom_editor_type": "custom_editor_model",
        "uid": "editor_model_134263067",
        "res_type": "kkres",
        "md5": "b6467aa38b7e693812421a1d20da2e7f"
    },
    "model": {
        "meshes": [],
        "mdx_path": "Mdx\\\u5c24\u8fea\u5b89.mdx",
        "model_id": 134263067,
        "name": "Mdx\\\u5c24\u8fea\u5b89",
        "physics_meshes": [
            "custom_editor_model/mdx/AutoPhy_\u5c24\u8fea\u5b89.mdx"
        ],
        "mdx_textures": [
            "Textures/Illidan",
            "Textures/Black32",
            "units/NightElf/EvilIllidan/Shadow",
            "Textures/Dust5ABlack",
            "Textures/Zap1",
            "Textures/Clouds8x8Mod",
            "units/NightElf/EvilIllidan/Clouds8x8FadeWhite",
            "Textures/WaterWake2"
        ],
        "mdx_sounds": [
            "sound/Units/NightElf/HeroDemonHunter//HeroDemonHunterAttack1.wav",
            "sound/Units/NightElf/HeroDemonHunter//HeroDemonHunterAttack2.wav",
            "sound/Units/NightElf/HeroDemonHunter//HeroDemonHunterDeath1.wav",
            "sound/Units/NightElf/HeroDemonHunter//DemonHunterMorph1.wav",
            "sound/Units/NightElf/HeroDemonHunter//DemonHunterDeathAlternate1.wav",
            "sound/Sound/Units/NightElf//NightElfDissipate1.wav",
            "sound/Sound/Units/Footsteps//Step1.wav",
            "sound/Sound/Units/Footsteps//Step1.wav"
        ],
        "pickbound": [
            2.264040946960449,
            2.454206943511963
        ]
    },
    "preview_icon": {},
    "sub_type": "mdx",
    "res_type": "editor_model",
    "import_export_folder_info": "/code_explorer_custom_root_folder_name/\u7cbe\u7075\u65cf/\u751f\u7269"
}