{
    "editor_model": {
        "model_id": 134273048,
        "select_effect_scale": 1.0,
        "describe": "Mdx\\\u51b0\u971c\u4e4b\u5854",
        "name": "\u51b0\u971c\u4e4b\u5854",
        "key": 134273048,
        "socket_info": {},
        "size": 1.0,
        "version": 1,
        "sub_type": "mdx",
        "custom_editor_type": "custom_editor_model",
        "uid": "editor_model_134273048",
        "res_type": "kkres",
        "md5": "4c82fa2cb4507c6af3a435a085a8aa01"
    },
    "model": {
        "meshes": [],
        "mdx_path": "Mdx\\\u51b0\u971c\u4e4b\u5854.mdx",
        "model_id": 134273048,
        "name": "Mdx\\\u51b0\u971c\u4e4b\u5854",
        "physics_meshes": [
            "custom_editor_model/mdx/AutoPhy_\u51b0\u971c\u4e4b\u5854.mdx"
        ],
        "mdx_textures": [
            "Textures/Tower",
            "buildings/Other/TowerDefenseTower/TowerDSecondTower",
            "Textures/Doodads0",
            "Textures/DeathSmug",
            "Textures/HumanBase",
            "buildings/Other/TowerDefenseTower/TowerDFirstFourthTower",
            "Textures/Blue_Glow2",
            "buildings/Other/TowerDefenseTower/TowerDFifthTower",
            "Textures/Yellow_Glow3",
            "buildings/Other/TowerDefenseTower/TowerDThirdTower",
            "Textures/GenericGlow2b",
            "Textures/CloudSingle",
            "Textures/Clouds8x8",
            "Textures/CartoonCloud",
            "Textures/Dust3x",
            "Textures/RockParticle",
            "Textures/SpinningBoard",
            "Textures/Dust5A"
        ],
        "mdx_sounds": [
            "sound/Sound/Buildings/Death//BuildingDeathSmallHuman.wav"
        ],
        "pickbound": [
            1.5906929969787598,
            3.47517991065979
        ]
    },
    "preview_icon": {},
    "sub_type": "mdx",
    "res_type": "editor_model",
    "import_export_folder_info": "/code_explorer_custom_root_folder_name/\u4eba\u65cf/\u5efa\u7b51"
}