{
    "editor_model": {
        "model_id": 134277485,
        "select_effect_scale": 1.0,
        "describe": "Mdx\\\u725b\u5934\u4eba",
        "name": "\u725b\u5934\u4eba",
        "key": 134277485,
        "socket_info": {},
        "size": 1.0,
        "version": 1,
        "sub_type": "mdx",
        "custom_editor_type": "custom_editor_model",
        "uid": "editor_model_134277485",
        "res_type": "kkres",
        "md5": "09259783dec5fe5cf1b451c6516f1d14"
    },
    "model": {
        "meshes": [],
        "mdx_path": "Mdx\\\u725b\u5934\u4eba.mdx",
        "model_id": 134277485,
        "name": "Mdx\\\u725b\u5934\u4eba",
        "physics_meshes": [
            "custom_editor_model/mdx/AutoPhy_\u725b\u5934\u4eba.mdx"
        ],
        "mdx_textures": [
            "units/Orc/Tauren/Minotaur",
            "Textures/gutz",
            "Textures/Zap1"
        ],
        "mdx_sounds": [
            "sound/Units/Orc/Tauren//TaurenDeath1.wav",
            "sound/Units/Orc/Tauren//Warstomp.wav",
            "sound/Sound/Units/Footsteps//Step1.wav",
            "sound/Sound/Units/Footsteps//Step1.wav"
        ],
        "pickbound": [
            0.6830495595932007,
            1.658380389213562
        ]
    },
    "preview_icon": {},
    "sub_type": "mdx",
    "res_type": "editor_model",
    "import_export_folder_info": "/code_explorer_custom_root_folder_name/\u517d\u65cf/\u751f\u7269"
}