{
    "editor_model": {
        "model_id": 134282354,
        "select_effect_scale": 1.0,
        "describe": "Mdx\\\u6218\u4e89\u53e4\u6811",
        "name": "\u6218\u4e89\u53e4\u6811",
        "key": 134282354,
        "socket_info": {},
        "size": 1.0,
        "version": 1,
        "sub_type": "mdx",
        "custom_editor_type": "custom_editor_model",
        "uid": "editor_model_134282354",
        "res_type": "kkres",
        "md5": "fd1f74e6eba9f52dca370d05163fad3e"
    },
    "model": {
        "meshes": [],
        "mdx_path": "Mdx\\\u6218\u4e89\u53e4\u6811.mdx",
        "model_id": 134282354,
        "name": "Mdx\\\u6218\u4e89\u53e4\u6811",
        "physics_meshes": [
            "custom_editor_model/mdx/AutoPhy_\u6218\u4e89\u53e4\u6811.mdx"
        ],
        "mdx_textures": [
            "Textures/rootbase",
            "buildings/NightElf/AncientofWar/AncientOfWar1",
            "Textures/Yellow_Glow",
            "Textures/Dust5A"
        ],
        "mdx_sounds": [
            "sound/Sound/Buildings/Death//NightElfBuildingDeathLarge1.wav",
            "sound/Sound/Buildings/Death//AncientUprootDeath1.wav",
            "sound/Abilities/Spells/NightElf/EatTree//EatTreeTarget1.wav",
            "sound/Abilities/Spells/NightElf/Root//Root.wav",
            "sound/Abilities/Spells/NightElf/Uproot//Uproot.wav",
            "sound/Sound/Units/Footsteps//Step1.wav",
            "sound/Sound/Units/Footsteps//Step1.wav"
        ],
        "pickbound": [
            1.3260735273361206,
            2.6233201026916504
        ]
    },
    "preview_icon": {},
    "sub_type": "mdx",
    "res_type": "editor_model",
    "import_export_folder_info": "/code_explorer_custom_root_folder_name/\u7cbe\u7075\u65cf/\u5efa\u7b51"
}