{
    "editor_model": {
        "model_id": 134265388,
        "select_effect_scale": 1.0,
        "describe": "Mdx\\\u6218\u4e89\u78e8\u574a",
        "name": "\u6218\u4e89\u78e8\u574a",
        "key": 134265388,
        "socket_info": {},
        "size": 1.0,
        "version": 1,
        "sub_type": "mdx",
        "custom_editor_type": "custom_editor_model",
        "uid": "editor_model_134265388",
        "res_type": "kkres",
        "md5": "b388d25fa416b292a8ef6276619d5e8b"
    },
    "model": {
        "meshes": [],
        "mdx_path": "Mdx\\\u6218\u4e89\u78e8\u574a.mdx",
        "model_id": 134265388,
        "name": "Mdx\\\u6218\u4e89\u78e8\u574a",
        "physics_meshes": [
            "custom_editor_model/mdx/AutoPhy_\u6218\u4e89\u78e8\u574a.mdx"
        ],
        "mdx_textures": [
            "buildings/Orc/WarMill/LumberHut",
            "buildings/Orc/WarMill/Forge",
            "Textures/DeathSmug",
            "Textures/Red_Glow3",
            "Textures/OrcBirth",
            "Textures/CloudSingleBlend",
            "ReplaceableTextures/Weather/Clouds8x8",
            "Textures/RockParticle",
            "Textures/CartoonCloud",
            "Textures/Dust5A",
            "Textures/Dust3x"
        ],
        "mdx_sounds": [
            "sound/Sound/Buildings/Death//OrcBuildingDeathSmall1.wav"
        ],
        "pickbound": [
            1.636056661605835,
            2.6478638648986816
        ]
    },
    "preview_icon": {},
    "sub_type": "mdx",
    "res_type": "editor_model",
    "import_export_folder_info": "/code_explorer_custom_root_folder_name/\u517d\u65cf/\u5efa\u7b51"
}