{
    "editor_model": {
        "model_id": 134259469,
        "select_effect_scale": 1.0,
        "describe": "Mdx\\\u8fdc\u53e4\u5b88\u62a4\u80052",
        "name": "\u8fdc\u53e4\u5b88\u62a4\u80052",
        "key": 134259469,
        "socket_info": {},
        "size": 1.0,
        "version": 1,
        "sub_type": "mdx",
        "custom_editor_type": "custom_editor_model",
        "uid": "editor_model_134259469",
        "res_type": "kkres",
        "md5": "97ee90d380d57d64e870bc21920c1ffc"
    },
    "model": {
        "meshes": [],
        "mdx_path": "Mdx\\\u8fdc\u53e4\u5b88\u62a4\u80052.mdx",
        "model_id": 134259469,
        "name": "Mdx\\\u8fdc\u53e4\u5b88\u62a4\u80052",
        "physics_meshes": [
            "custom_editor_model/mdx/AutoPhy_\u8fdc\u53e4\u5b88\u62a4\u80052.mdx"
        ],
        "mdx_textures": [
            "buildings/Demon/CorruptedAncientProtector/CorruptedAncientProtector",
            "Textures/Yellow_Glow",
            "Textures/db-rock",
            "Textures/Dust5A"
        ],
        "mdx_sounds": [
            "sound/Units/NightElf/Treant//TreantDeath1.wav",
            "sound/Abilities/Spells/NightElf/Root//Root.wav",
            "sound/Abilities/Spells/NightElf/Uproot//Uproot.wav",
            "sound/Sound/Units/Footsteps//Step1.wav",
            "sound/Sound/Units/Footsteps//Step1.wav",
            "sound/Units/NightElf/AncientProtector//TreantAttack1.wav",
            "sound/Units/NightElf/AncientProtector//TreantAttack2.wav",
            "sound/Sound/Buildings/Death//NightElfBuildingDeathLarge1.wav",
            "sound/Sound/Buildings/Death//AncientUprootDeath1.wav",
            "sound/Abilities/Spells/NightElf/EatTree//EatTreeTarget1.wav"
        ],
        "pickbound": [
            1.0989587306976318,
            2.813640594482422
        ]
    },
    "preview_icon": {},
    "sub_type": "mdx",
    "res_type": "editor_model",
    "import_export_folder_info": "/code_explorer_custom_root_folder_name/\u7cbe\u7075\u65cf/\u5efa\u7b51"
}