{
    "editor_model": {
        "model_id": 134271434,
        "select_effect_scale": 1.0,
        "describe": "Mdx\\\u795e\u79d8\u5b9d\u85cf\u5e93",
        "name": "\u795e\u79d8\u5b9d\u85cf\u5e93",
        "key": 134271434,
        "socket_info": {},
        "size": 1.0,
        "version": 1,
        "sub_type": "mdx",
        "custom_editor_type": "custom_editor_model",
        "uid": "editor_model_134271434",
        "res_type": "kkres",
        "md5": "8aeea90db4a320adae69ba0a9c2b6d72"
    },
    "model": {
        "meshes": [],
        "mdx_path": "Mdx\\\u795e\u79d8\u5b9d\u85cf\u5e93.mdx",
        "model_id": 134271434,
        "name": "Mdx\\\u795e\u79d8\u5b9d\u85cf\u5e93",
        "physics_meshes": [
            "custom_editor_model/mdx/AutoPhy_\u795e\u79d8\u5b9d\u85cf\u5e93.mdx"
        ],
        "mdx_textures": [
            "buildings/Human/ArcaneVault/ArcaneVault",
            "Textures/Doodads0",
            "Textures/DeathSmug",
            "Textures/Blue_Glow2",
            "Textures/HumanBase",
            "Textures/CrystalSheild",
            "Textures/RockParticle",
            "Textures/SpinningBoard",
            "Textures/CartoonCloud",
            "Textures/Dust5A",
            "Textures/Clouds8x8",
            "Textures/Dust3x",
            "Textures/CloudSingle"
        ],
        "mdx_sounds": [
            "sound/Sound/Buildings/Death//BuildingDeathSmallHuman.wav"
        ],
        "pickbound": [
            2.27864670753479,
            5.497400283813477
        ]
    },
    "preview_icon": {},
    "sub_type": "mdx",
    "res_type": "editor_model",
    "import_export_folder_info": "/code_explorer_custom_root_folder_name/\u4eba\u65cf/\u5efa\u7b51"
}