{
    "Format": "wav",
    "IsCustom": true,
    "SoundPath": "134269172",
    "custom_editor_type": "custom_editor_sound",
    "describe": "",
    "key": 134269172,
    "md5": "8236c8fc6f90b5d3385a11c174b0a76f",
    "name": "HeroMountainKingYes1",
    "res_name": "HeroMountainKingYes1.wav",
    "source": "code_Source_Import",
    "sub_type": "sound",
    "uid": 134269172,
    "version": 1,
    "res_type": "editor_sound",
    "import_export_folder_info": "/code_explorer_custom_root_folder_name/\u5c71\u4e18\u4e4b\u738b"
}