{
    "editor_model": {
        "model_id": 134280062,
        "select_effect_scale": 1.0,
        "describe": "Mdx\\\u5947\u7f8e\u62c9",
        "name": "\u5947\u7f8e\u62c9",
        "key": 134280062,
        "socket_info": {},
        "size": 1.0,
        "version": 1,
        "sub_type": "mdx",
        "custom_editor_type": "custom_editor_model",
        "uid": "editor_model_134280062",
        "res_type": "kkres",
        "md5": "549475a4a541655561927956135e28bb"
    },
    "model": {
        "meshes": [],
        "mdx_path": "Mdx\\\u5947\u7f8e\u62c9.mdx",
        "model_id": 134280062,
        "name": "Mdx\\\u5947\u7f8e\u62c9",
        "physics_meshes": [
            "custom_editor_model/mdx/AutoPhy_\u5947\u7f8e\u62c9.mdx"
        ],
        "mdx_textures": [
            "units/NightElf/Chimaera/Chimera",
            "Textures/Blue_Glow2",
            "Textures/LightningBall"
        ],
        "mdx_sounds": [
            "sound/Units/Creeps/AzureDragon//DragonDeath1.wav"
        ],
        "pickbound": [
            1.476125717163086,
            2.834469795227051
        ]
    },
    "preview_icon": {},
    "sub_type": "mdx",
    "res_type": "editor_model",
    "import_export_folder_info": "/code_explorer_custom_root_folder_name/\u7cbe\u7075\u65cf/\u751f\u7269"
}