{
    "editor_model": {
        "model_id": 134218938,
        "select_effect_scale": 1.0,
        "describe": "Mdx\\sem_nan_hai_dao",
        "name": "sem_nan_hai_dao",
        "key": 134218938,
        "socket_info": {},
        "size": 1.0,
        "version": 1,
        "sub_type": "mdx",
        "custom_editor_type": "custom_editor_model",
        "uid": "editor_model_134218938",
        "res_type": "kkres",
        "md5": "a6b23b052cc8f92078eadd505115a73f"
    },
    "model": {
        "meshes": [],
        "mdx_path": "Mdx\\sem_nan_hai_dao.mdx",
        "model_id": 134218938,
        "name": "Mdx\\sem_nan_hai_dao",
        "physics_meshes": [
            "custom_editor_model/mdx/AutoPhy_sem_nan_hai_dao.mdx"
        ],
        "mdx_textures": [
            "war3mapImported/z_tt_se_qq_qun_941442872_sem_nan_hai_dao_tt1",
            "war3mapImported/z_tt_se_qq_qun_941442872_sem_nan_hai_dao_tt2",
            "war3mapImported/z_tt_se_qq_qun_941442872_sem_nan_hai_dao_tt3"
        ],
        "mdx_sounds": [],
        "pickbound": [
            1.0459513664245605,
            2.245720863342285
        ]
    },
    "preview_icon": {},
    "sub_type": "mdx",
    "res_type": "editor_model",
    "import_export_folder_info": "/code_explorer_custom_root_folder_name/\u91cd\u5236\u7248"
}