{
    "editor_model": {
        "model_id": 134242788,
        "select_effect_scale": 1.0,
        "describe": "Mdx\\\u5b88\u671b\u80052",
        "name": "\u5b88\u671b\u80052",
        "key": 134242788,
        "socket_info": {},
        "size": 1.0,
        "version": 1,
        "sub_type": "mdx",
        "custom_editor_type": "custom_editor_model",
        "uid": "editor_model_134242788",
        "res_type": "kkres",
        "md5": "a932852fe1461512423ee3de41c57df4"
    },
    "model": {
        "meshes": [],
        "mdx_path": "Mdx\\\u5b88\u671b\u80052.mdx",
        "model_id": 134242788,
        "name": "Mdx\\\u5b88\u671b\u80052",
        "physics_meshes": [
            "custom_editor_model/mdx/AutoPhy_\u5b88\u671b\u80052.mdx"
        ],
        "mdx_textures": [
            "units/Creeps/Assassin/Assassin",
            "Textures/gutz"
        ],
        "mdx_sounds": [
            "sound/Units/Creeps/Assassin//AssassinDeath1.wav"
        ],
        "pickbound": [
            0.586598813533783,
            1.1512939929962158
        ]
    },
    "preview_icon": {},
    "sub_type": "mdx",
    "res_type": "editor_model",
    "import_export_folder_info": "/code_explorer_custom_root_folder_name/\u7cbe\u7075\u65cf/\u751f\u7269"
}