{
    "editor_model": {
        "model_id": 134223229,
        "select_effect_scale": 1.0,
        "describe": "Mdx\\\u672f\u58eb",
        "name": "\u672f\u58eb",
        "key": 134223229,
        "socket_info": {},
        "size": 1.0,
        "version": 1,
        "sub_type": "mdx",
        "custom_editor_type": "custom_editor_model",
        "uid": "editor_model_134223229",
        "res_type": "kkres",
        "md5": "7ae480ab9a543cf94f46e6574dd72a47"
    },
    "model": {
        "meshes": [],
        "mdx_path": "Mdx\\\u672f\u58eb.mdx",
        "model_id": 134223229,
        "name": "Mdx\\\u672f\u58eb",
        "physics_meshes": [
            "custom_editor_model/mdx/AutoPhy_\u672f\u58eb.mdx"
        ],
        "mdx_textures": [
            "units/Creeps/BanditMage/BanditMage",
            "Textures/gutz",
            "ReplaceableTextures/Weather/Clouds8x8",
            "Textures/Dust3x"
        ],
        "mdx_sounds": [
            "sound/Units/Human/HeroArchMage//HeroArchMageDeath.wav",
            "sound/Sound/Units/Human//HumanDissipate1.wav"
        ],
        "pickbound": [
            0.7430025935173035,
            1.8020730018615723
        ]
    },
    "preview_icon": {},
    "sub_type": "mdx",
    "res_type": "editor_model",
    "import_export_folder_info": "/code_explorer_custom_root_folder_name/\u4eba\u65cf/\u751f\u7269"
}