{
    "editor_model": {
        "model_id": 134235595,
        "select_effect_scale": 1.0,
        "describe": "Mdx\\\u89c2\u5bdf\u5b88\u536b",
        "name": "\u89c2\u5bdf\u5b88\u536b",
        "key": 134235595,
        "socket_info": {},
        "size": 1.0,
        "version": 1,
        "sub_type": "mdx",
        "custom_editor_type": "custom_editor_model",
        "uid": "editor_model_134235595",
        "res_type": "kkres",
        "md5": "e26329fbffd8ae08312d52826a44bb3d"
    },
    "model": {
        "meshes": [],
        "mdx_path": "Mdx\\\u89c2\u5bdf\u5b88\u536b.mdx",
        "model_id": 134235595,
        "name": "Mdx\\\u89c2\u5bdf\u5b88\u536b",
        "physics_meshes": [
            "custom_editor_model/mdx/AutoPhy_\u89c2\u5bdf\u5b88\u536b.mdx"
        ],
        "mdx_textures": [
            "units/Orc/WatcherWard/Eye3Blue",
            "Textures/Wards1",
            "Textures/Blue_Glow2",
            "units/Orc/WatcherWard/Smoke1_anim128",
            "Textures/Dust5"
        ],
        "mdx_sounds": [
            "sound/Units/Orc/SentryWard//SentryWard.wav",
            "sound/Units/Orc/SentryWard//SentryWardDeath1.wav"
        ],
        "pickbound": [
            0.6144919395446777,
            1.5882357358932495
        ]
    },
    "preview_icon": {},
    "sub_type": "mdx",
    "res_type": "editor_model",
    "import_export_folder_info": "/code_explorer_custom_root_folder_name/\u517d\u65cf/\u751f\u7269"
}