{
    "editor_model": {
        "model_id": 134223719,
        "select_effect_scale": 1.0,
        "describe": "Mdx\\\u5973\u5deb",
        "name": "\u5973\u5deb",
        "key": 134223719,
        "socket_info": {},
        "size": 1.0,
        "version": 1,
        "sub_type": "mdx",
        "custom_editor_type": "custom_editor_model",
        "uid": "editor_model_134223719",
        "res_type": "kkres",
        "md5": "b6f1ec98dd380d38877fcba9d589ac1d"
    },
    "model": {
        "meshes": [],
        "mdx_path": "Mdx\\\u5973\u5deb.mdx",
        "model_id": 134223719,
        "name": "Mdx\\\u5973\u5deb",
        "physics_meshes": [
            "custom_editor_model/mdx/AutoPhy_\u5973\u5deb.mdx"
        ],
        "mdx_textures": [
            "units/Human/Sorceress/Sorceress",
            "Textures/gutz"
        ],
        "mdx_sounds": [
            "sound/Units/Human/Sorceress//SorceressDeath.wav"
        ],
        "pickbound": [
            0.415143758058548,
            1.3066312074661255
        ]
    },
    "preview_icon": {},
    "sub_type": "mdx",
    "res_type": "editor_model",
    "import_export_folder_info": "/code_explorer_custom_root_folder_name/\u4eba\u65cf/\u751f\u7269"
}