{
    "editor_model": {
        "model_id": 134237203,
        "select_effect_scale": 1.0,
        "describe": "Mdx\\\u706b\u51e4\u51f0",
        "name": "\u706b\u51e4\u51f0",
        "key": 134237203,
        "socket_info": {},
        "size": 1.0,
        "version": 1,
        "sub_type": "mdx",
        "custom_editor_type": "custom_editor_model",
        "uid": "editor_model_134237203",
        "res_type": "kkres",
        "md5": "4fad1430a4ec8d7b271b6a9a99c7bc7b"
    },
    "model": {
        "meshes": [],
        "mdx_path": "Mdx\\\u706b\u51e4\u51f0.mdx",
        "model_id": 134237203,
        "name": "Mdx\\\u706b\u51e4\u51f0",
        "physics_meshes": [
            "custom_editor_model/mdx/AutoPhy_\u706b\u51e4\u51f0.mdx"
        ],
        "mdx_textures": [
            "units/Human/Phoenix/Phoenix2",
            "Textures/Yellow_Glow3",
            "units/Human/Phoenix/TeleportTarget",
            "units/Human/Phoenix/Egg1",
            "Textures/Red_Glow3",
            "units/Human/Phoenix/RibbonNE1_Red",
            "Textures/Yellow_Glow2",
            "Textures/Shockwave1",
            "Textures/Red_star2",
            "Textures/Flame4"
        ],
        "mdx_sounds": [
            "sound/Units/Human/Phoenix//PhoenixDeath1.wav",
            "sound/Units/Human/Phoenix//PhoenixBirth.wav",
            "sound/Units/Human/Phoenix//PhoenixToEgg.wav"
        ],
        "pickbound": [
            1.6989521980285645,
            3.244149923324585
        ]
    },
    "preview_icon": {},
    "sub_type": "mdx",
    "res_type": "editor_model",
    "import_export_folder_info": "/code_explorer_custom_root_folder_name/\u4eba\u65cf/\u751f\u7269"
}