{
    "SoundPath": "134221558",
    "describe": "",
    "name": "HeroTaurenChieftainWhat1_1",
    "res_name": "HeroTaurenChieftainWhat1.wav",
    "key": 134221558,
    "Format": "wav",
    "uid": 134221558,
    "IsCustom": true,
    "sub_type": "sound",
    "custom_editor_type": "custom_editor_sound",
    "source": "code_Source_Import",
    "md5": null,
    "res_type": "editor_sound",
    "import_export_folder_info": "/code_explorer_custom_root_folder_name/\u725b\u5934\u4eba\u914b\u957f"
}