{
    "editor_model": {
        "model_id": 134234400,
        "select_effect_scale": 1.0,
        "describe": "Mdx\\\u72ee\u9e6b\u7b3c",
        "name": "\u72ee\u9e6b\u7b3c",
        "key": 134234400,
        "socket_info": {},
        "size": 1.0,
        "version": 1,
        "sub_type": "mdx",
        "custom_editor_type": "custom_editor_model",
        "uid": "editor_model_134234400",
        "res_type": "kkres",
        "md5": "ff495ecc506452fb8d6523435b5c1207"
    },
    "model": {
        "meshes": [],
        "mdx_path": "Mdx\\\u72ee\u9e6b\u7b3c.mdx",
        "model_id": 134234400,
        "name": "Mdx\\\u72ee\u9e6b\u7b3c",
        "physics_meshes": [
            "custom_editor_model/mdx/AutoPhy_\u72ee\u9e6b\u7b3c.mdx"
        ],
        "mdx_textures": [
            "buildings/Human/GryphonAviary/GriffonAviary",
            "Textures/Blue_Glow2",
            "Textures/Doodads0",
            "Textures/HumanBase",
            "Textures/Dust3x",
            "Textures/Dust5A",
            "Textures/RockParticle",
            "Textures/CartoonCloud",
            "Textures/SpinningBoard",
            "Textures/CloudSingle"
        ],
        "mdx_sounds": [
            "sound/Sound/Buildings/Death//BuildingDeathSmallHuman.wav"
        ],
        "pickbound": [
            1.7546011209487915,
            3.2748100757598877
        ]
    },
    "preview_icon": {},
    "sub_type": "mdx",
    "res_type": "editor_model",
    "import_export_folder_info": "/code_explorer_custom_root_folder_name/\u4eba\u65cf/\u5efa\u7b51"
}