{
    "editor_model": {
        "model_id": 134255280,
        "select_effect_scale": 1.0,
        "describe": "Mdx\\\u7ea2\u5e7c\u9f99",
        "name": "\u7ea2\u5e7c\u9f99",
        "key": 134255280,
        "socket_info": {},
        "size": 1.0,
        "version": 1,
        "sub_type": "mdx",
        "custom_editor_type": "custom_editor_model",
        "uid": "editor_model_134255280",
        "res_type": "kkres",
        "md5": "38c6123c6560064ab5888a178fda3260"
    },
    "model": {
        "meshes": [],
        "mdx_path": "Mdx\\\u7ea2\u5e7c\u9f99.mdx",
        "model_id": 134255280,
        "name": "Mdx\\\u7ea2\u5e7c\u9f99",
        "physics_meshes": [
            "custom_editor_model/mdx/AutoPhy_\u7ea2\u5e7c\u9f99.mdx"
        ],
        "mdx_textures": [
            "Textures/RedDragon",
            "Textures/Shockwave1b",
            "Textures/Tj_BloodSput",
            "ReplaceableTextures/Weather/Clouds8x8"
        ],
        "mdx_sounds": [
            "sound/Units/Creeps/AzureDragon//DragonDeath1.wav",
            "sound/Units/Creeps/BlackDragon//BlackDragonAttack1.wav",
            "sound/Units/Orc/KotoBeast//Devour.wav"
        ],
        "pickbound": [
            1.1004581451416016,
            1.7244279384613037
        ]
    },
    "preview_icon": {},
    "sub_type": "mdx",
    "res_type": "editor_model",
    "import_export_folder_info": "/code_explorer_custom_root_folder_name/\u4e2d\u7acb\u654c\u5bf9"
}