{
    "editor_model": {
        "model_id": 134261573,
        "select_effect_scale": 1.0,
        "describe": "Mdx\\\u8c37\u4ed3",
        "name": "\u8c37\u4ed3",
        "key": 134261573,
        "socket_info": {},
        "size": 1.0,
        "version": 1,
        "sub_type": "mdx",
        "custom_editor_type": "custom_editor_model",
        "uid": "editor_model_134261573",
        "res_type": "kkres",
        "md5": "814e0c71a618d287cd2f569ae51a76bc"
    },
    "model": {
        "meshes": [],
        "mdx_path": "Mdx\\\u8c37\u4ed3.mdx",
        "model_id": 134261573,
        "name": "Mdx\\\u8c37\u4ed3",
        "physics_meshes": [
            "custom_editor_model/mdx/AutoPhy_\u8c37\u4ed3.mdx"
        ],
        "mdx_textures": [
            "Textures/CityBuildingsNew",
            "Textures/VillageDoodad1",
            "Textures/VillageDoodad0",
            "buildings/Other/GrainWarehouse/GrainInfected",
            "ReplaceableTextures/Weather/Clouds8x8",
            "Textures/Clouds8x8Mod"
        ],
        "mdx_sounds": [
            "sound/Sound/Buildings/Death//CityBuildingDeath1.wav"
        ],
        "pickbound": [
            2.1231062412261963,
            2.9207470417022705
        ]
    },
    "preview_icon": {},
    "sub_type": "mdx",
    "res_type": "editor_model",
    "import_export_folder_info": "/code_explorer_custom_root_folder_name/\u4eba\u65cf/\u5efa\u7b51"
}