{
    "editor_model": {
        "model_id": 134241933,
        "select_effect_scale": 1.0,
        "describe": "Mdx\\\u77ad\u671b\u5854",
        "name": "\u77ad\u671b\u5854",
        "key": 134241933,
        "socket_info": {},
        "size": 1.0,
        "version": 1,
        "sub_type": "mdx",
        "custom_editor_type": "custom_editor_model",
        "uid": "editor_model_134241933",
        "res_type": "kkres",
        "md5": "ee9d9cca64c9fd4f83da5a8f442666f3"
    },
    "model": {
        "meshes": [],
        "mdx_path": "Mdx\\\u77ad\u671b\u5854.mdx",
        "model_id": 134241933,
        "name": "Mdx\\\u77ad\u671b\u5854",
        "physics_meshes": [
            "custom_editor_model/mdx/AutoPhy_\u77ad\u671b\u5854.mdx"
        ],
        "mdx_textures": [
            "Textures/Watchtower",
            "Textures/DeathSmug",
            "Textures/OrcBirth",
            "Textures/RockParticle",
            "Textures/CartoonCloud",
            "Textures/Dust5A",
            "ReplaceableTextures/Weather/Clouds8x8",
            "Textures/Dust3x",
            "Textures/CloudSingleBlend"
        ],
        "mdx_sounds": [
            "sound/Sound/Buildings/Death//OrcBuildingDeathSmall1.wav"
        ],
        "pickbound": [
            1.3102631568908691,
            3.253239870071411
        ]
    },
    "preview_icon": {},
    "sub_type": "mdx",
    "res_type": "editor_model",
    "import_export_folder_info": "/code_explorer_custom_root_folder_name/\u517d\u65cf/\u5efa\u7b51"
}