{
    "editor_model": {
        "model_id": 134243737,
        "select_effect_scale": 1.0,
        "describe": "Mdx\\\u63a0\u593a\u8005",
        "name": "\u63a0\u593a\u8005",
        "key": 134243737,
        "socket_info": {},
        "size": 1.0,
        "version": 1,
        "sub_type": "mdx",
        "custom_editor_type": "custom_editor_model",
        "uid": "editor_model_134243737",
        "res_type": "kkres",
        "md5": "b8b3d93a0a1bd298df14edba602562de"
    },
    "model": {
        "meshes": [],
        "mdx_path": "Mdx\\\u63a0\u593a\u8005.mdx",
        "model_id": 134243737,
        "name": "Mdx\\\u63a0\u593a\u8005",
        "physics_meshes": [
            "custom_editor_model/mdx/AutoPhy_\u63a0\u593a\u8005.mdx"
        ],
        "mdx_textures": [
            "units/Orc/Wolfrider/Wolfrider",
            "Textures/gutz",
            "Textures/Dust3x"
        ],
        "mdx_sounds": [
            "sound/Units/Orc/Wolfrider//RaiderDeath.wav"
        ],
        "pickbound": [
            0.4852638840675354,
            1.7021311521530151
        ]
    },
    "preview_icon": {},
    "sub_type": "mdx",
    "res_type": "editor_model",
    "import_export_folder_info": "/code_explorer_custom_root_folder_name/\u517d\u65cf/\u751f\u7269"
}