{
    "editor_model": {
        "model_id": 134255455,
        "select_effect_scale": 1.0,
        "describe": "Mdx\\\u5fb7\u62c9\u514b\u82cf\u5c14",
        "name": "\u5fb7\u62c9\u514b\u82cf\u5c14",
        "key": 134255455,
        "socket_info": {},
        "size": 1.0,
        "version": 1,
        "sub_type": "mdx",
        "custom_editor_type": "custom_editor_model",
        "uid": "editor_model_134255455",
        "res_type": "kkres",
        "md5": "6ae4fe1562f1132eb8f62adaca280ba0"
    },
    "model": {
        "meshes": [],
        "mdx_path": "Mdx\\\u5fb7\u62c9\u514b\u82cf\u5c14.mdx",
        "model_id": 134255455,
        "name": "Mdx\\\u5fb7\u62c9\u514b\u82cf\u5c14",
        "physics_meshes": [
            "custom_editor_model/mdx/AutoPhy_\u5fb7\u62c9\u514b\u82cf\u5c14.mdx"
        ],
        "mdx_textures": [
            "units/Creeps/OrcWarlockRed/OrcWarlockRed",
            "Textures/gutz",
            "Textures/Clouds8x8"
        ],
        "mdx_sounds": [
            "sound/Units/Creeps/OrcWarlock//OrcWarlockDeath1.wav"
        ],
        "pickbound": [
            0.41044774651527405,
            1.2125405073165894
        ]
    },
    "preview_icon": {},
    "sub_type": "mdx",
    "res_type": "editor_model",
    "import_export_folder_info": "/code_explorer_custom_root_folder_name/\u517d\u65cf/\u751f\u7269"
}