{
    "editor_model": {
        "model_id": 134236435,
        "select_effect_scale": 1.0,
        "describe": "Mdx\\\u53cc\u8db3\u98de\u9f99\u7262\u7b3c",
        "name": "\u53cc\u8db3\u98de\u9f99\u7262\u7b3c",
        "key": 134236435,
        "socket_info": {},
        "size": 1.0,
        "version": 1,
        "sub_type": "mdx",
        "custom_editor_type": "custom_editor_model",
        "uid": "editor_model_134236435",
        "res_type": "kkres",
        "md5": "39656db454b87f6ce82f0257e39892b8"
    },
    "model": {
        "meshes": [],
        "mdx_path": "Mdx\\\u53cc\u8db3\u98de\u9f99\u7262\u7b3c.mdx",
        "model_id": 134236435,
        "name": "Mdx\\\u53cc\u8db3\u98de\u9f99\u7262\u7b3c",
        "physics_meshes": [
            "custom_editor_model/mdx/AutoPhy_\u53cc\u8db3\u98de\u9f99\u7262\u7b3c.mdx"
        ],
        "mdx_textures": [
            "Textures/Doodads0",
            "Textures/Doodads1",
            "ReplaceableTextures/Weather/Clouds8x8"
        ],
        "mdx_sounds": [
            "sound/Doodads/Barrens/Terrain/WyvernCage//WyvernCageDeath1.wav"
        ],
        "pickbound": [
            1.4163151979446411,
            1.5615848302841187
        ]
    },
    "preview_icon": {},
    "sub_type": "mdx",
    "res_type": "editor_model",
    "import_export_folder_info": "/code_explorer_custom_root_folder_name/\u517d\u65cf/\u5efa\u7b51"
}