{
    "editor_model": {
        "model_id": 134249532,
        "select_effect_scale": 1.0,
        "describe": "Mdx\\\u94c1\u5320\u94fa",
        "name": "\u94c1\u5320\u94fa",
        "key": 134249532,
        "socket_info": {},
        "size": 1.0,
        "version": 1,
        "sub_type": "mdx",
        "custom_editor_type": "custom_editor_model",
        "uid": "editor_model_134249532",
        "res_type": "kkres",
        "md5": "9c574cf0d2139ca6235cdb769b25c82e"
    },
    "model": {
        "meshes": [],
        "mdx_path": "Mdx\\\u94c1\u5320\u94fa.mdx",
        "model_id": 134249532,
        "name": "Mdx\\\u94c1\u5320\u94fa",
        "physics_meshes": [
            "custom_editor_model/mdx/AutoPhy_\u94c1\u5320\u94fa.mdx"
        ],
        "mdx_textures": [
            "buildings/Human/Blacksmith/NewBlacksmith",
            "Textures/Doodads0",
            "Textures/HumanBase",
            "Textures/DeathSmug",
            "Textures/CloudSingle",
            "ReplaceableTextures/Weather/Clouds8x8",
            "Textures/Dust5",
            "Textures/Clouds8x8Black",
            "Textures/RockParticle",
            "Textures/SpinningBoard",
            "Textures/CartoonCloud",
            "Textures/Dust3x",
            "Textures/Dust5A",
            "Textures/Dust6"
        ],
        "mdx_sounds": [
            "sound/Sound/Buildings/Death//BuildingDeathLargeHuman.wav"
        ],
        "pickbound": [
            1.261789083480835,
            2.276369094848633
        ]
    },
    "preview_icon": {},
    "sub_type": "mdx",
    "res_type": "editor_model",
    "import_export_folder_info": "/code_explorer_custom_root_folder_name/\u4eba\u65cf/\u5efa\u7b51"
}