{
    "editor_model": {
        "model_id": 134226536,
        "select_effect_scale": 1.0,
        "describe": "Mdx\\\u84b8\u6c7d\u6c7d\u8f66",
        "name": "\u84b8\u6c7d\u6c7d\u8f66",
        "key": 134226536,
        "socket_info": {},
        "size": 1.0,
        "version": 1,
        "sub_type": "mdx",
        "custom_editor_type": "custom_editor_model",
        "uid": "editor_model_134226536",
        "res_type": "kkres",
        "md5": "9907e1843b67d0811cc8d488c1be5e72"
    },
    "model": {
        "meshes": [],
        "mdx_path": "Mdx\\\u84b8\u6c7d\u6c7d\u8f66.mdx",
        "model_id": 134226536,
        "name": "Mdx\\\u84b8\u6c7d\u6c7d\u8f66",
        "physics_meshes": [
            "custom_editor_model/mdx/AutoPhy_\u84b8\u6c7d\u6c7d\u8f66.mdx"
        ],
        "mdx_textures": [
            "Textures/Steamtank",
            "Textures/Yellow_Glow3",
            "Textures/Shockwave10",
            "Textures/Yellow_Glow",
            "Textures/Flame4",
            "Textures/Dust5A",
            "ReplaceableTextures/Weather/Clouds8x8",
            "Textures/Clouds8x8Black",
            "Textures/Dust3x",
            "Textures/LavaLump"
        ],
        "mdx_sounds": [
            "sound/Units/Human/SteamTank//SteamTankAttack1.wav",
            "sound/Units/Human/SteamTank//SteamTankDeath1.wav"
        ],
        "pickbound": [
            0.6584727168083191,
            1.1312649250030518
        ]
    },
    "preview_icon": {},
    "sub_type": "mdx",
    "res_type": "editor_model",
    "import_export_folder_info": "/code_explorer_custom_root_folder_name/\u4eba\u65cf/\u751f\u7269"
}