{
    "editor_model": {
        "model_id": 134239316,
        "select_effect_scale": 1.0,
        "describe": "Mdx\\\u53cc\u8db3\u98de\u9f99",
        "name": "\u53cc\u8db3\u98de\u9f99",
        "key": 134239316,
        "socket_info": {},
        "size": 1.0,
        "version": 1,
        "sub_type": "mdx",
        "custom_editor_type": "custom_editor_model",
        "uid": "editor_model_134239316",
        "res_type": "kkres",
        "md5": "f294b1012f207054e8249156565d1a8f"
    },
    "model": {
        "meshes": [],
        "mdx_path": "Mdx\\\u53cc\u8db3\u98de\u9f99.mdx",
        "model_id": 134239316,
        "name": "Mdx\\\u53cc\u8db3\u98de\u9f99",
        "physics_meshes": [
            "custom_editor_model/mdx/AutoPhy_\u53cc\u8db3\u98de\u9f99.mdx"
        ],
        "mdx_textures": [
            "Textures/WyvernRider"
        ],
        "mdx_sounds": [
            "sound/Units/Orc/WyvernRider//WyvernRiderDeath.wav"
        ],
        "pickbound": [
            1.122267723083496,
            1.7356669902801514
        ]
    },
    "preview_icon": {},
    "sub_type": "mdx",
    "res_type": "editor_model",
    "import_export_folder_info": "/code_explorer_custom_root_folder_name/\u517d\u65cf/\u751f\u7269"
}