{
    "editor_model": {
        "model_id": 134268367,
        "select_effect_scale": 1.0,
        "describe": "Mdx\\\u732b\u5934\u9e70\u4fa6\u5bdf\u8005",
        "name": "\u732b\u5934\u9e70\u4fa6\u5bdf\u8005",
        "key": 134268367,
        "socket_info": {},
        "size": 1.0,
        "version": 1,
        "sub_type": "mdx",
        "custom_editor_type": "custom_editor_model",
        "uid": "editor_model_134268367",
        "res_type": "kkres",
        "md5": "82cc0a0c1ce8932a4d9e45cef39c74f5"
    },
    "model": {
        "meshes": [],
        "mdx_path": "Mdx\\\u732b\u5934\u9e70\u4fa6\u5bdf\u8005.mdx",
        "model_id": 134268367,
        "name": "Mdx\\\u732b\u5934\u9e70\u4fa6\u5bdf\u8005",
        "physics_meshes": [
            "custom_editor_model/mdx/AutoPhy_\u732b\u5934\u9e70\u4fa6\u5bdf\u8005.mdx"
        ],
        "mdx_textures": [
            "Textures/sentinelspell",
            "Textures/TeamGlow00",
            "Textures/Clouds8x8"
        ],
        "mdx_sounds": [
            "sound/Units/NightElf/Owl//ScoutLaunchBirth1.wav",
            "sound/Units/NightElf/Owl//ScoutLaunchDeath1.wav"
        ],
        "pickbound": [
            0.8657189011573792,
            1.733186960220337
        ]
    },
    "preview_icon": {},
    "sub_type": "mdx",
    "res_type": "editor_model",
    "import_export_folder_info": "/code_explorer_custom_root_folder_name/\u7cbe\u7075\u65cf/\u751f\u7269"
}