{
    "editor_model": {
        "model_id": 134274771,
        "select_effect_scale": 1.0,
        "describe": "Mdx\\\u590d\u4ec7\u4e4b\u9b42",
        "name": "\u590d\u4ec7\u4e4b\u9b42",
        "key": 134274771,
        "socket_info": {},
        "size": 1.0,
        "version": 1,
        "sub_type": "mdx",
        "custom_editor_type": "custom_editor_model",
        "uid": "editor_model_134274771",
        "res_type": "kkres",
        "md5": "617524722cc67409e2e9a7dd676e7ab9"
    },
    "model": {
        "meshes": [],
        "mdx_path": "Mdx\\\u590d\u4ec7\u4e4b\u9b42.mdx",
        "model_id": 134274771,
        "name": "Mdx\\\u590d\u4ec7\u4e4b\u9b42",
        "physics_meshes": [
            "custom_editor_model/mdx/AutoPhy_\u590d\u4ec7\u4e4b\u9b42.mdx"
        ],
        "mdx_textures": [
            "Textures/Watcher",
            "Textures/Red_Glow3",
            "units/NightElf/Vengeance/LightningBallRed",
            "Textures/Dust5A"
        ],
        "mdx_sounds": [],
        "pickbound": [
            0.4992119073867798,
            1.0732840299606323
        ]
    },
    "preview_icon": {},
    "sub_type": "mdx",
    "res_type": "editor_model",
    "import_export_folder_info": "/code_explorer_custom_root_folder_name/\u7cbe\u7075\u65cf/\u751f\u7269"
}