{
    "editor_model": {
        "model_id": 134223823,
        "select_effect_scale": 1.0,
        "describe": "Mdx\\\u6c34\u6676\u963f\u5361\u90a3\u745f\u5fb7",
        "name": "\u6c34\u6676\u963f\u5361\u90a3\u745f\u5fb7",
        "key": 134223823,
        "socket_info": {},
        "size": 1.0,
        "version": 1,
        "sub_type": "mdx",
        "custom_editor_type": "custom_editor_model",
        "uid": "editor_model_134223823",
        "res_type": "kkres",
        "md5": "cde08a2d3a83b9a4900ac26872f860f1"
    },
    "model": {
        "meshes": [],
        "mdx_path": "Mdx\\\u6c34\u6676\u963f\u5361\u90a3\u745f\u5fb7.mdx",
        "model_id": 134223823,
        "name": "Mdx\\\u6c34\u6676\u963f\u5361\u90a3\u745f\u5fb7",
        "physics_meshes": [
            "custom_editor_model/mdx/AutoPhy_\u6c34\u6676\u963f\u5361\u90a3\u745f\u5fb7.mdx"
        ],
        "mdx_textures": [
            "units/Creeps/ArchnathidGreen/ArachnathidGreen",
            "Textures/gutz",
            "ReplaceableTextures/Splats/BurrowSplat",
            "Textures/Green_Glow2",
            "Textures/Green_Star",
            "Textures/Dust5A",
            "Textures/Zap1b"
        ],
        "mdx_sounds": [
            "sound/Units/Creeps/Archnathid//ArachnathidDeath1.wav"
        ],
        "pickbound": [
            0.7715398669242859,
            1.4573655128479004
        ]
    },
    "preview_icon": {},
    "sub_type": "mdx",
    "res_type": "editor_model",
    "import_export_folder_info": "/code_explorer_custom_root_folder_name/\u4e2d\u7acb\u654c\u5bf9"
}