{
    "editor_model": {
        "model_id": 134264222,
        "select_effect_scale": 1.0,
        "describe": "Mdx\\\u5b89\u4e1c\u5c3c\u8fbe\u65af2",
        "name": "\u5b89\u4e1c\u5c3c\u8fbe\u65af2",
        "key": 134264222,
        "socket_info": {},
        "size": 1.0,
        "version": 1,
        "sub_type": "mdx",
        "custom_editor_type": "custom_editor_model",
        "uid": "editor_model_134264222",
        "res_type": "kkres",
        "md5": "48b70b78c43c8e633f56789bba12b296"
    },
    "model": {
        "meshes": [],
        "mdx_path": "Mdx\\\u5b89\u4e1c\u5c3c\u8fbe\u65af2.mdx",
        "model_id": 134264222,
        "name": "Mdx\\\u5b89\u4e1c\u5c3c\u8fbe\u65af2",
        "physics_meshes": [
            "custom_editor_model/mdx/AutoPhy_\u5b89\u4e1c\u5c3c\u8fbe\u65af2.mdx"
        ],
        "mdx_textures": [
            "units/Human/HeroArchMage/HeroArchmage",
            "ReplaceableTextures/Weather/Clouds8x8",
            "Textures/Dust3x"
        ],
        "mdx_sounds": [
            "sound/Units/Human/HeroArchMage//HeroArchMageDeath.wav",
            "sound/Sound/Units/Human//HumanDissipate1.wav"
        ],
        "pickbound": [
            1.6769800186157227,
            2.222013235092163
        ]
    },
    "preview_icon": {},
    "sub_type": "mdx",
    "res_type": "editor_model",
    "import_export_folder_info": "/code_explorer_custom_root_folder_name/\u4eba\u65cf/\u751f\u7269"
}