{
    "editor_model": {
        "model_id": 134272674,
        "select_effect_scale": 1.0,
        "describe": "Mdx\\\u5251\u57232",
        "name": "\u5251\u57232",
        "key": 134272674,
        "socket_info": {},
        "size": 1.0,
        "version": 1,
        "sub_type": "mdx",
        "custom_editor_type": "custom_editor_model",
        "uid": "editor_model_134272674",
        "res_type": "kkres",
        "md5": "f7b708f758978904e5721a2807270da0"
    },
    "model": {
        "meshes": [],
        "mdx_path": "Mdx\\\u5251\u57232.mdx",
        "model_id": 134272674,
        "name": "Mdx\\\u5251\u57232",
        "physics_meshes": [
            "custom_editor_model/mdx/AutoPhy_\u5251\u57232.mdx"
        ],
        "mdx_textures": [
            "units/Demon/HeroChaosBladeMaster/HeroChaosBladeMaster",
            "Textures/HeroBladeMaster",
            "Textures/Tornado2b",
            "Textures/Tornado1",
            "Textures/RibbonBlur1",
            "Textures/Flame4"
        ],
        "mdx_sounds": [
            "sound/Units/Orc/HeroBladeMaster//CriticalStrike.wav",
            "sound/Units/Orc/HeroBladeMaster//HeroBladeMasterDeath.wav",
            "sound/Units/Orc/HeroBladeMaster//HeroBladeMasterAttack1.wav",
            "sound/Units/Orc/HeroBladeMaster//HeroBladeMasterAttack2.wav",
            "sound/Units/Orc/HeroBladeMaster//BladeMasterWhirlwind.wav",
            "sound/Sound/Units/Orc//OrcDissipate1.wav"
        ],
        "pickbound": [
            1.7983849048614502,
            2.3483550548553467
        ]
    },
    "preview_icon": {},
    "sub_type": "mdx",
    "res_type": "editor_model",
    "import_export_folder_info": "/code_explorer_custom_root_folder_name/\u517d\u65cf/\u751f\u7269"
}