{
    "editor_model": {
        "model_id": 134276093,
        "select_effect_scale": 1.0,
        "describe": "Mdx\\sem_a_suo_ge",
        "name": "sem_a_suo_ge",
        "key": 134276093,
        "socket_info": {},
        "size": 1.0,
        "version": 1,
        "sub_type": "mdx",
        "custom_editor_type": "custom_editor_model",
        "uid": "editor_model_134276093",
        "res_type": "kkres",
        "md5": "5bbec6d31f74b71a0ddbbc3f763dd1e2"
    },
    "model": {
        "meshes": [],
        "mdx_path": "Mdx\\sem_a_suo_ge.mdx",
        "model_id": 134276093,
        "name": "Mdx\\sem_a_suo_ge",
        "physics_meshes": [
            "custom_editor_model/mdx/AutoPhy_sem_a_suo_ge.mdx"
        ],
        "mdx_textures": [
            "Textures/gutz",
            "Textures/BloodSplash",
            "Textures/BloodSput",
            "Textures/OrcBloodTailParticle",
            "war3mapImported/z_tt_se_qq_qun_941442872_azog_portrait_tt1"
        ],
        "mdx_sounds": [
            "sound/Sound/Units/Footsteps//Step1.wav",
            "sound/Sound/Units/Footsteps//Step1.wav",
            "sound/Units/Undead/Ghoul//Cannibalize.wav",
            "sound/Units/Undead/Abomination//AbominationDeath1.wav"
        ],
        "pickbound": [
            1.0925240516662598,
            1.7009605169296265
        ]
    },
    "preview_icon": {},
    "sub_type": "mdx",
    "res_type": "editor_model",
    "import_export_folder_info": "/code_explorer_custom_root_folder_name/\u91cd\u5236\u7248"
}