{
    "editor_model": {
        "model_id": 134233130,
        "select_effect_scale": 1.0,
        "describe": "Mdx\\\u56fd\u738b\u796d\u575b",
        "name": "\u56fd\u738b\u796d\u575b",
        "key": 134233130,
        "socket_info": {},
        "size": 1.0,
        "version": 1,
        "sub_type": "mdx",
        "custom_editor_type": "custom_editor_model",
        "uid": "editor_model_134233130",
        "res_type": "kkres",
        "md5": "48d73d497c653427a4e3b198283af82c"
    },
    "model": {
        "meshes": [],
        "mdx_path": "Mdx\\\u56fd\u738b\u796d\u575b.mdx",
        "model_id": 134233130,
        "name": "Mdx\\\u56fd\u738b\u796d\u575b",
        "physics_meshes": [
            "custom_editor_model/mdx/AutoPhy_\u56fd\u738b\u796d\u575b.mdx"
        ],
        "mdx_textures": [
            "buildings/Human/AltarOfKings/AltarOfKings",
            "Textures/HumanBase",
            "Textures/Doodads0",
            "buildings/Human/AltarOfKings/TrevSmokeA",
            "Textures/DeathSmug",
            "ReplaceableTextures/Weather/Clouds8x8",
            "Textures/RockParticle",
            "Textures/SpinningBoard",
            "Textures/CartoonCloud",
            "Textures/Dust5A",
            "Textures/Dust3x",
            "Textures/CloudSingle"
        ],
        "mdx_sounds": [
            "sound/Sound/Buildings/Death//BuildingDeathLargeHuman.wav"
        ],
        "pickbound": [
            1.3678971529006958,
            2.971069812774658
        ]
    },
    "preview_icon": {},
    "sub_type": "mdx",
    "res_type": "editor_model",
    "import_export_folder_info": "/code_explorer_custom_root_folder_name/\u4eba\u65cf/\u5efa\u7b51"
}