{
    "editor_model": {
        "model_id": 134243954,
        "select_effect_scale": 1.0,
        "describe": "Mdx\\\u8fbe\u62c9\u7136\u5b88\u536b\u5854",
        "name": "\u8fbe\u62c9\u7136\u5b88\u536b\u5854",
        "key": 134243954,
        "socket_info": {},
        "size": 1.0,
        "version": 1,
        "sub_type": "mdx",
        "custom_editor_type": "custom_editor_model",
        "uid": "editor_model_134243954",
        "res_type": "kkres",
        "md5": "292fb9fe5ee39fb2bc2d8dbeac87d620"
    },
    "model": {
        "meshes": [],
        "mdx_path": "Mdx\\\u8fbe\u62c9\u7136\u5b88\u536b\u5854.mdx",
        "model_id": 134243954,
        "name": "Mdx\\\u8fbe\u62c9\u7136\u5b88\u536b\u5854",
        "physics_meshes": [
            "custom_editor_model/mdx/AutoPhy_\u8fbe\u62c9\u7136\u5b88\u536b\u5854.mdx"
        ],
        "mdx_textures": [
            "Textures/DeathSmug",
            "buildings/Other/DalaranGuardTower/DalaranGuardTower",
            "Textures/Blue_Glow2",
            "Textures/GenericGlow2b",
            "Textures/CloudSingle",
            "ReplaceableTextures/Weather/Clouds8x8",
            "Textures/CartoonCloud",
            "Textures/Dust3x",
            "Textures/Dust5A",
            "Textures/RockParticle",
            "Textures/SpinningBoard"
        ],
        "mdx_sounds": [
            "sound/Sound/Buildings/Death//BuildingDeathSmallHuman.wav"
        ],
        "pickbound": [
            0.7200044393539429,
            4.124526023864746
        ]
    },
    "preview_icon": {},
    "sub_type": "mdx",
    "res_type": "editor_model",
    "import_export_folder_info": "/code_explorer_custom_root_folder_name/\u4eba\u65cf/\u5efa\u7b51"
}