{
    "editor_model": {
        "model_id": 134230645,
        "select_effect_scale": 1.0,
        "describe": "Mdx\\\u88ab\u7f20\u7ed5\u7684\u91d1\u77ff",
        "name": "\u88ab\u7f20\u7ed5\u7684\u91d1\u77ff",
        "key": 134230645,
        "socket_info": {},
        "size": 1.0,
        "version": 1,
        "sub_type": "mdx",
        "custom_editor_type": "custom_editor_model",
        "uid": "editor_model_134230645",
        "res_type": "kkres",
        "md5": "e5e7a4a624242a62d8956713b2cb1e4a"
    },
    "model": {
        "meshes": [],
        "mdx_path": "Mdx\\\u88ab\u7f20\u7ed5\u7684\u91d1\u77ff.mdx",
        "model_id": 134230645,
        "name": "Mdx\\\u88ab\u7f20\u7ed5\u7684\u91d1\u77ff",
        "physics_meshes": [
            "custom_editor_model/mdx/AutoPhy_\u88ab\u7f20\u7ed5\u7684\u91d1\u77ff.mdx"
        ],
        "mdx_textures": [
            "buildings/NightElf/EntangledGoldmine/LightRoots",
            "buildings/NightElf/EntangledGoldmine/Lightbush",
            "Textures/Goldmine",
            "Textures/Chest",
            "Textures/Base",
            "ReplaceableTextures/Splats/GoldmineUberSplat",
            "Textures/Star7b",
            "Textures/grad2d",
            "Textures/RibbonNE1_blue",
            "Textures/star4_32"
        ],
        "mdx_sounds": [
            "sound/Abilities/Spells/NightElf/EntangleMine//TreeOfLifeGoldMineBirth1.wav",
            "sound/Abilities/Spells/NightElf/EntangleMine//TreeOfLifeGoldMineDeath1.wav"
        ],
        "pickbound": [
            1.8308501243591309,
            3.10683012008667
        ]
    },
    "preview_icon": {},
    "sub_type": "mdx",
    "res_type": "editor_model",
    "import_export_folder_info": "/code_explorer_custom_root_folder_name/\u7cbe\u7075\u65cf/\u5efa\u7b51"
}