{
    "editor_model": {
        "model_id": 134280427,
        "select_effect_scale": 1.0,
        "describe": "Mdx\\sem_shi_ren_mo_tu_fu",
        "name": "sem_shi_ren_mo_tu_fu",
        "key": 134280427,
        "socket_info": {},
        "size": 1.0,
        "version": 1,
        "sub_type": "mdx",
        "custom_editor_type": "custom_editor_model",
        "uid": "editor_model_134280427",
        "res_type": "kkres",
        "md5": "7ecd91731003894f838ec698897a5c5a"
    },
    "model": {
        "meshes": [],
        "mdx_path": "Mdx\\sem_shi_ren_mo_tu_fu.mdx",
        "model_id": 134280427,
        "name": "Mdx\\sem_shi_ren_mo_tu_fu",
        "physics_meshes": [
            "custom_editor_model/mdx/AutoPhy_sem_shi_ren_mo_tu_fu.mdx"
        ],
        "mdx_textures": [
            "war3mapImported/z_tt_se_qq_qun_941442872_sem_shi_ren_mo_tu_fu_tt1"
        ],
        "mdx_sounds": [],
        "pickbound": [
            2.0082993507385254,
            2.174743413925171
        ]
    },
    "preview_icon": {},
    "sub_type": "mdx",
    "res_type": "editor_model",
    "import_export_folder_info": "/code_explorer_custom_root_folder_name/\u91cd\u5236\u7248"
}