{
    "editor_model": {
        "model_id": 134239315,
        "select_effect_scale": 1.0,
        "describe": "Mdx\\\u4eba\u65cf\u8fd0\u8f93\u8239",
        "name": "\u4eba\u65cf\u8fd0\u8f93\u8239",
        "key": 134239315,
        "socket_info": {},
        "size": 1.0,
        "version": 1,
        "sub_type": "mdx",
        "custom_editor_type": "custom_editor_model",
        "uid": "editor_model_134239315",
        "res_type": "kkres",
        "md5": "b711e43c7de39a6901e3a40759a8708e"
    },
    "model": {
        "meshes": [],
        "mdx_path": "Mdx\\\u4eba\u65cf\u8fd0\u8f93\u8239.mdx",
        "model_id": 134239315,
        "name": "Mdx\\\u4eba\u65cf\u8fd0\u8f93\u8239",
        "physics_meshes": [
            "custom_editor_model/mdx/AutoPhy_\u4eba\u65cf\u8fd0\u8f93\u8239.mdx"
        ],
        "mdx_textures": [
            "units/Creeps/HumanTransportShip/HumanTransportShip",
            "Textures/WaterWake3",
            "Textures/WaterBlobs1",
            "Textures/White_64_Foam1",
            "Textures/Clouds8x8",
            "Textures/LavaLump2"
        ],
        "mdx_sounds": [
            "sound/Doodads/Northrend/Water/Battleship//BattleShipDeath1.wav",
            "sound/Doodads/Northrend/Water/Battleship//BattleShipDeath1.wav"
        ],
        "pickbound": [
            0.6232831478118896,
            2.996112108230591
        ]
    },
    "preview_icon": {},
    "sub_type": "mdx",
    "res_type": "editor_model",
    "import_export_folder_info": "/code_explorer_custom_root_folder_name/\u4eba\u65cf/\u5efa\u7b51"
}