{
    "editor_model": {
        "model_id": 134251269,
        "select_effect_scale": 1.0,
        "describe": "Mdx\\\u5deb\u6bd2\u5546\u5e97",
        "name": "\u5deb\u6bd2\u5546\u5e97",
        "key": 134251269,
        "socket_info": {},
        "size": 1.0,
        "version": 1,
        "sub_type": "mdx",
        "custom_editor_type": "custom_editor_model",
        "uid": "editor_model_134251269",
        "res_type": "kkres",
        "md5": "588821967ea2ef955bbdca766b013deb"
    },
    "model": {
        "meshes": [],
        "mdx_path": "Mdx\\\u5deb\u6bd2\u5546\u5e97.mdx",
        "model_id": 134251269,
        "name": "Mdx\\\u5deb\u6bd2\u5546\u5e97",
        "physics_meshes": [
            "custom_editor_model/mdx/AutoPhy_\u5deb\u6bd2\u5546\u5e97.mdx"
        ],
        "mdx_textures": [
            "buildings/Orc/VoodooLounge/VoodooLounge",
            "Textures/OrcBirth",
            "Textures/BackGround",
            "Textures/dust1",
            "buildings/Orc/VoodooLounge/TrollNeonSign",
            "buildings/Orc/VoodooLounge/TrollNeonSign54",
            "Textures/Clouds8x8",
            "Textures/CloudSingleBlend"
        ],
        "mdx_sounds": [
            "sound/Sound/Buildings/Death//OrcBuildingDeathSmall1.wav"
        ],
        "pickbound": [
            1.5378947257995605,
            3.0185751914978027
        ]
    },
    "preview_icon": {},
    "sub_type": "mdx",
    "res_type": "editor_model",
    "import_export_folder_info": "/code_explorer_custom_root_folder_name/\u517d\u65cf/\u5efa\u7b51"
}