{
    "editor_model": {
        "model_id": 134219882,
        "select_effect_scale": 1.0,
        "describe": "Mdx\\\u730e\u624b\u5927\u5385",
        "name": "\u730e\u624b\u5927\u5385",
        "key": 134219882,
        "socket_info": {},
        "size": 1.0,
        "version": 1,
        "sub_type": "mdx",
        "custom_editor_type": "custom_editor_model",
        "uid": "editor_model_134219882",
        "res_type": "kkres",
        "md5": "ce575a2bf292a5ff9dc8b51375a83713"
    },
    "model": {
        "meshes": [],
        "mdx_path": "Mdx\\\u730e\u624b\u5927\u5385.mdx",
        "model_id": 134219882,
        "name": "Mdx\\\u730e\u624b\u5927\u5385",
        "physics_meshes": [
            "custom_editor_model/mdx/AutoPhy_\u730e\u624b\u5927\u5385.mdx"
        ],
        "mdx_textures": [
            "buildings/NightElf/HuntersHall/Hunter'sHall",
            "Textures/NightElfBase",
            "Textures/Star7b",
            "ReplaceableTextures/TeamGlow/TeamGlow08",
            "Textures/Yellow_Glow"
        ],
        "mdx_sounds": [
            "sound/Sound/Buildings/Death//NightElfBuildingDeathSmall1.wav"
        ],
        "pickbound": [
            1.4748566150665283,
            3.385712146759033
        ]
    },
    "preview_icon": {},
    "sub_type": "mdx",
    "res_type": "editor_model",
    "import_export_folder_info": "/code_explorer_custom_root_folder_name/\u7cbe\u7075\u65cf/\u5efa\u7b51"
}