{
    "editor_model": {
        "model_id": 134248123,
        "select_effect_scale": 1.0,
        "describe": "Mdx\\\u7c89\u788e\u8005",
        "name": "\u7c89\u788e\u8005",
        "key": 134248123,
        "socket_info": {},
        "size": 1.0,
        "version": 1,
        "sub_type": "mdx",
        "custom_editor_type": "custom_editor_model",
        "uid": "editor_model_134248123",
        "res_type": "kkres",
        "md5": "2b2a4adecabcf5eedb2faa72f39c26e3"
    },
    "model": {
        "meshes": [],
        "mdx_path": "Mdx\\\u7c89\u788e\u8005.mdx",
        "model_id": 134248123,
        "name": "Mdx\\\u7c89\u788e\u8005",
        "physics_meshes": [
            "custom_editor_model/mdx/AutoPhy_\u7c89\u788e\u8005.mdx"
        ],
        "mdx_textures": [
            "Textures/Catapult",
            "Textures/CloudSingle"
        ],
        "mdx_sounds": [
            "sound/Units/Orc/Catapult//CatapultDeath1.wav",
            "sound/Units/Orc/Catapult//CatapultAttack1.wav"
        ],
        "pickbound": [
            0.7441037893295288,
            0.7726237177848816
        ]
    },
    "preview_icon": {},
    "sub_type": "mdx",
    "res_type": "editor_model",
    "import_export_folder_info": "/code_explorer_custom_root_folder_name/\u517d\u65cf/\u751f\u7269"
}