{
    "editor_model": {
        "model_id": 134261120,
        "select_effect_scale": 1.0,
        "describe": "Mdx\\\u80cc\u8d1f\u80cc\u5305\u7684\u9a6c",
        "name": "\u80cc\u8d1f\u80cc\u5305\u7684\u9a6c",
        "key": 134261120,
        "socket_info": {},
        "size": 1.0,
        "version": 1,
        "sub_type": "mdx",
        "custom_editor_type": "custom_editor_model",
        "uid": "editor_model_134261120",
        "res_type": "kkres",
        "md5": "503057200bdc391caff2dd9772cad8c5"
    },
    "model": {
        "meshes": [],
        "mdx_path": "Mdx\\\u80cc\u8d1f\u80cc\u5305\u7684\u9a6c.mdx",
        "model_id": 134261120,
        "name": "Mdx\\\u80cc\u8d1f\u80cc\u5305\u7684\u9a6c",
        "physics_meshes": [
            "custom_editor_model/mdx/AutoPhy_\u80cc\u8d1f\u80cc\u5305\u7684\u9a6c.mdx"
        ],
        "mdx_textures": [
            "units/Critters/PackHorse/PackHorse",
            "Textures/gutz",
            "Textures/Dust3x"
        ],
        "mdx_sounds": [
            "sound/Units/Human/KnightNoRider//KnightNoRiderDeath1.wav"
        ],
        "pickbound": [
            0.48571401834487915,
            1.114996075630188
        ]
    },
    "preview_icon": {},
    "sub_type": "mdx",
    "res_type": "editor_model",
    "import_export_folder_info": "/code_explorer_custom_root_folder_name/\u4eba\u65cf/\u751f\u7269"
}