{
    "editor_model": {
        "model_id": 134275581,
        "select_effect_scale": 1.0,
        "describe": "Mdx\\\u5947\u7f8e\u62c9\u6816\u6728",
        "name": "\u5947\u7f8e\u62c9\u6816\u6728",
        "key": 134275581,
        "socket_info": {},
        "size": 1.0,
        "version": 1,
        "sub_type": "mdx",
        "custom_editor_type": "custom_editor_model",
        "uid": "editor_model_134275581",
        "res_type": "kkres",
        "md5": "494bec896a33a3957dd2c381cc0db3b7"
    },
    "model": {
        "meshes": [],
        "mdx_path": "Mdx\\\u5947\u7f8e\u62c9\u6816\u6728.mdx",
        "model_id": 134275581,
        "name": "Mdx\\\u5947\u7f8e\u62c9\u6816\u6728",
        "physics_meshes": [
            "custom_editor_model/mdx/AutoPhy_\u5947\u7f8e\u62c9\u6816\u6728.mdx"
        ],
        "mdx_textures": [
            "buildings/NightElf/ChimaeraRoost/ChimaeraRoost",
            "Textures/NightElfBase",
            "Textures/Blue_Glow2",
            "Textures/star32",
            "Textures/GenericGlow1",
            "Textures/lensflare1A"
        ],
        "mdx_sounds": [
            "sound/Sound/Buildings/Death//NightElfBuildingDeathSmall1.wav"
        ],
        "pickbound": [
            1.3141138553619385,
            4.051296710968018
        ]
    },
    "preview_icon": {},
    "sub_type": "mdx",
    "res_type": "editor_model",
    "import_export_folder_info": "/code_explorer_custom_root_folder_name/\u7cbe\u7075\u65cf/\u5efa\u7b51"
}