{
    "editor_model": {
        "model_id": 134238088,
        "select_effect_scale": 1.0,
        "describe": "Mdx\\\u9ad8\u7b49\u7cbe\u7075\u519c\u573a",
        "name": "\u9ad8\u7b49\u7cbe\u7075\u519c\u573a",
        "key": 134238088,
        "socket_info": {},
        "size": 1.0,
        "version": 1,
        "sub_type": "mdx",
        "custom_editor_type": "custom_editor_model",
        "uid": "editor_model_134238088",
        "res_type": "kkres",
        "md5": "0184579ef7c0474fb1746f3a81b8a1b4"
    },
    "model": {
        "meshes": [],
        "mdx_path": "Mdx\\\u9ad8\u7b49\u7cbe\u7075\u519c\u573a.mdx",
        "model_id": 134238088,
        "name": "Mdx\\\u9ad8\u7b49\u7cbe\u7075\u519c\u573a",
        "physics_meshes": [
            "custom_editor_model/mdx/AutoPhy_\u9ad8\u7b49\u7cbe\u7075\u519c\u573a.mdx"
        ],
        "mdx_textures": [
            "Textures/ElvenFarm",
            "Textures/Doodads0",
            "Textures/HumanBase",
            "Textures/Dust5A",
            "Textures/CloudSingle",
            "Textures/RockParticle",
            "Textures/SpinningBoard",
            "Textures/Clouds8x8Fire",
            "Textures/CartoonCloud",
            "Textures/Dust3x"
        ],
        "mdx_sounds": [
            "sound/Sound/Buildings/Death//BuildingDeathSmallHuman.wav"
        ],
        "pickbound": [
            1.2250473499298096,
            2.817164897918701
        ]
    },
    "preview_icon": {},
    "sub_type": "mdx",
    "res_type": "editor_model",
    "import_export_folder_info": "/code_explorer_custom_root_folder_name/\u4eba\u65cf/\u5efa\u7b51"
}