{
    "editor_model": {
        "model_id": 134243807,
        "select_effect_scale": 1.0,
        "describe": "Mdx\\\u5947\u8ff9\u53e4\u6811",
        "name": "\u5947\u8ff9\u53e4\u6811",
        "key": 134243807,
        "socket_info": {},
        "size": 1.0,
        "version": 1,
        "sub_type": "mdx",
        "custom_editor_type": "custom_editor_model",
        "uid": "editor_model_134243807",
        "res_type": "kkres",
        "md5": "92569f6c923439912e0e40263a99a19a"
    },
    "model": {
        "meshes": [],
        "mdx_path": "Mdx\\\u5947\u8ff9\u53e4\u6811.mdx",
        "model_id": 134243807,
        "name": "Mdx\\\u5947\u8ff9\u53e4\u6811",
        "physics_meshes": [
            "custom_editor_model/mdx/AutoPhy_\u5947\u8ff9\u53e4\u6811.mdx"
        ],
        "mdx_textures": [
            "Textures/rootbase",
            "buildings/NightElf/AncientOfWonder/AncientOfWonders",
            "Textures/star2",
            "Textures/GenericGlow64"
        ],
        "mdx_sounds": [
            "sound/Sound/Buildings/Death//NightElfBuildingDeathLarge1.wav",
            "sound/Sound/Buildings/Death//AncientUprootDeath1.wav",
            "sound/Abilities/Spells/NightElf/EatTree//EatTreeTarget1.wav",
            "sound/Abilities/Spells/NightElf/Root//Root.wav",
            "sound/Abilities/Spells/NightElf/Uproot//Uproot.wav",
            "sound/Sound/Units/Footsteps//Step1.wav",
            "sound/Sound/Units/Footsteps//Step1.wav"
        ],
        "pickbound": [
            1.2104558944702148,
            2.223125696182251
        ]
    },
    "preview_icon": {},
    "sub_type": "mdx",
    "res_type": "editor_model",
    "import_export_folder_info": "/code_explorer_custom_root_folder_name/\u7cbe\u7075\u65cf/\u5efa\u7b51"
}