{
    "editor_model": {
        "model_id": 134232029,
        "select_effect_scale": 1.0,
        "describe": "Mdx\\\u7cbe\u7075\u6218\u8230",
        "name": "\u7cbe\u7075\u6218\u8230",
        "key": 134232029,
        "socket_info": {},
        "size": 1.0,
        "version": 1,
        "sub_type": "mdx",
        "custom_editor_type": "custom_editor_model",
        "uid": "editor_model_134232029",
        "res_type": "kkres",
        "md5": "34a89b838317d98a2d8c20baf68a85a9"
    },
    "model": {
        "meshes": [],
        "mdx_path": "Mdx\\\u7cbe\u7075\u6218\u8230.mdx",
        "model_id": 134232029,
        "name": "Mdx\\\u7cbe\u7075\u6218\u8230",
        "physics_meshes": [
            "custom_editor_model/mdx/AutoPhy_\u7cbe\u7075\u6218\u8230.mdx"
        ],
        "mdx_textures": [
            "units/Creeps/NightElfBattleship/NightElfBattleShip",
            "Textures/WaterWake2"
        ],
        "mdx_sounds": [
            "sound/Doodads/Northrend/Water/Battleship//BattleShipDeath1.wav"
        ],
        "pickbound": [
            1.2773178815841675,
            3.9056200981140137
        ]
    },
    "preview_icon": {},
    "sub_type": "mdx",
    "res_type": "editor_model",
    "import_export_folder_info": "/code_explorer_custom_root_folder_name/\u7cbe\u7075\u65cf/\u751f\u7269"
}