{
    "editor_model": {
        "model_id": 134252643,
        "select_effect_scale": 1.0,
        "describe": "Mdx\\\u9a91\u58eb",
        "name": "\u9a91\u58eb",
        "key": 134252643,
        "socket_info": {},
        "size": 1.0,
        "version": 1,
        "sub_type": "mdx",
        "custom_editor_type": "custom_editor_model",
        "uid": "editor_model_134252643",
        "res_type": "kkres",
        "md5": "c45d5f1581ef436497697452140d4dd8"
    },
    "model": {
        "meshes": [],
        "mdx_path": "Mdx\\\u9a91\u58eb.mdx",
        "model_id": 134252643,
        "name": "Mdx\\\u9a91\u58eb",
        "physics_meshes": [
            "custom_editor_model/mdx/AutoPhy_\u9a91\u58eb.mdx"
        ],
        "mdx_textures": [
            "Textures/Knight",
            "Textures/gutz",
            "Textures/Dust3x"
        ],
        "mdx_sounds": [
            "sound/Units/Human/Knight//KnightDeath.wav"
        ],
        "pickbound": [
            0.45488181710243225,
            1.5412179231643677
        ]
    },
    "preview_icon": {},
    "sub_type": "mdx",
    "res_type": "editor_model",
    "import_export_folder_info": "/code_explorer_custom_root_folder_name/\u4eba\u65cf/\u751f\u7269"
}