{
    "Format": "wav",
    "IsCustom": true,
    "SoundPath": "134269690",
    "custom_editor_type": "custom_editor_sound",
    "describe": "",
    "key": 134269690,
    "md5": "3b3e4f5ee7226fa51575387d2ea71fc0",
    "name": "HeroDemonHunterAttack1",
    "res_name": "HeroDemonHunterAttack1.wav",
    "source": "code_Source_Import",
    "sub_type": "sound",
    "uid": 134269690,
    "version": 1,
    "res_type": "editor_sound",
    "import_export_folder_info": "/code_explorer_custom_root_folder_name/\u6076\u9b54\u730e\u624b"
}