{
    "editor_model": {
        "model_id": 134246699,
        "select_effect_scale": 1.0,
        "describe": "Mdx\\\u8f66\u95f4",
        "name": "\u8f66\u95f4",
        "key": 134246699,
        "socket_info": {},
        "size": 1.0,
        "version": 1,
        "sub_type": "mdx",
        "custom_editor_type": "custom_editor_model",
        "uid": "editor_model_134246699",
        "res_type": "kkres",
        "md5": "e63b223e75fe7f2c285f15c7e51aaec8"
    },
    "model": {
        "meshes": [],
        "mdx_path": "Mdx\\\u8f66\u95f4.mdx",
        "model_id": 134246699,
        "name": "Mdx\\\u8f66\u95f4",
        "physics_meshes": [
            "custom_editor_model/mdx/AutoPhy_\u8f66\u95f4.mdx"
        ],
        "mdx_textures": [
            "buildings/Human/Workshop/Factory",
            "Textures/Doodads0",
            "Textures/HumanBase",
            "Textures/CartoonCloud",
            "ReplaceableTextures/Weather/Clouds8x8",
            "Textures/Dust3x",
            "Textures/Dust5A",
            "Textures/RockParticle",
            "Textures/SpinningBoard",
            "Textures/CloudSingle"
        ],
        "mdx_sounds": [
            "sound/Sound/Buildings/Death//BuildingDeathSmallHuman.wav"
        ],
        "pickbound": [
            1.4318184852600098,
            2.993530035018921
        ]
    },
    "preview_icon": {},
    "sub_type": "mdx",
    "res_type": "editor_model",
    "import_export_folder_info": "/code_explorer_custom_root_folder_name/\u4eba\u65cf/\u5efa\u7b51"
}