{
    "editor_model": {
        "model_id": 134224229,
        "select_effect_scale": 1.0,
        "describe": "Mdx\\\u7075\u9b42\u5f52\u5bbf",
        "name": "\u7075\u9b42\u5f52\u5bbf",
        "key": 134224229,
        "socket_info": {},
        "size": 1.0,
        "version": 1,
        "sub_type": "mdx",
        "custom_editor_type": "custom_editor_model",
        "uid": "editor_model_134224229",
        "res_type": "kkres",
        "md5": "c5e80e3b1de1ea6876ec21fd6f569eca"
    },
    "model": {
        "meshes": [],
        "mdx_path": "Mdx\\\u7075\u9b42\u5f52\u5bbf.mdx",
        "model_id": 134224229,
        "name": "Mdx\\\u7075\u9b42\u5f52\u5bbf",
        "physics_meshes": [
            "custom_editor_model/mdx/AutoPhy_\u7075\u9b42\u5f52\u5bbf.mdx"
        ],
        "mdx_textures": [
            "buildings/Orc/SpiritLodge/SpiritLodge",
            "Textures/DeathSmug",
            "Textures/OrcBirth",
            "Textures/Clouds8x8",
            "Textures/RockParticle",
            "Textures/CartoonCloud",
            "Textures/Dust5A",
            "Textures/Dust3x"
        ],
        "mdx_sounds": [
            "sound/Sound/Buildings/Death//BuildingDeathLargeOrc.wav"
        ],
        "pickbound": [
            1.3257641792297363,
            3.2459311485290527
        ]
    },
    "preview_icon": {},
    "sub_type": "mdx",
    "res_type": "editor_model",
    "import_export_folder_info": "/code_explorer_custom_root_folder_name/\u517d\u65cf/\u5efa\u7b51"
}