{
    "editor_model": {
        "model_id": 134277755,
        "select_effect_scale": 1.0,
        "describe": "Mdx\\sem_duo_luo_de_feng_zhi_gu_shu",
        "name": "sem_duo_luo_de_feng_zhi_gu_shu",
        "key": 134277755,
        "socket_info": {},
        "size": 1.0,
        "version": 1,
        "sub_type": "mdx",
        "custom_editor_type": "custom_editor_model",
        "uid": "editor_model_134277755",
        "res_type": "kkres",
        "md5": "742a52291371a8fec024521d32136111"
    },
    "model": {
        "meshes": [],
        "mdx_path": "Mdx\\sem_duo_luo_de_feng_zhi_gu_shu.mdx",
        "model_id": 134277755,
        "name": "Mdx\\sem_duo_luo_de_feng_zhi_gu_shu",
        "physics_meshes": [
            "custom_editor_model/mdx/AutoPhy_sem_duo_luo_de_feng_zhi_gu_shu.mdx"
        ],
        "mdx_textures": [
            "Textures/rootbase",
            "war3mapImported/z_tt_se_qq_qun_941442872_ancientoftga_portrait_tt1"
        ],
        "mdx_sounds": [
            "sound/Buildings/NightElf/AncientOfTheMoon//AncientOfTheMoonAttack1.wav",
            "sound/Abilities/Spells/NightElf/Root//Root.wav",
            "sound/Abilities/Spells/NightElf/Uproot//Uproot.wav",
            "sound/Sound/Buildings/Death//NightElfBuildingDeathLarge1.wav",
            "sound/Sound/Buildings/Death//AncientUprootDeath1.wav",
            "sound/Abilities/Spells/NightElf/EatTree//EatTreeTarget1.wav",
            "sound/Sound/Units/Footsteps//Step1.wav",
            "sound/Sound/Units/Footsteps//Step1.wav"
        ],
        "pickbound": [
            1.0665183067321777,
            3.043511152267456
        ]
    },
    "preview_icon": {},
    "sub_type": "mdx",
    "res_type": "editor_model",
    "import_export_folder_info": "/code_explorer_custom_root_folder_name/\u91cd\u5236\u7248"
}