{
    "editor_model": {
        "model_id": 134276305,
        "select_effect_scale": 1.0,
        "describe": "Mdx\\\u732a\u5708\u519c\u573a",
        "name": "\u732a\u5708\u519c\u573a",
        "key": 134276305,
        "socket_info": {},
        "size": 1.0,
        "version": 1,
        "sub_type": "mdx",
        "custom_editor_type": "custom_editor_model",
        "uid": "editor_model_134276305",
        "res_type": "kkres",
        "md5": "237d1696f2c11482ae7db4b8f6fb9a5d"
    },
    "model": {
        "meshes": [],
        "mdx_path": "Mdx\\\u732a\u5708\u519c\u573a.mdx",
        "model_id": 134276305,
        "name": "Mdx\\\u732a\u5708\u519c\u573a",
        "physics_meshes": [
            "custom_editor_model/mdx/AutoPhy_\u732a\u5708\u519c\u573a.mdx"
        ],
        "mdx_textures": [
            "buildings/Other/PigFarm/Hut",
            "Textures/DeathSmug",
            "Textures/OrcBirth",
            "ReplaceableTextures/Weather/Clouds8x8",
            "Textures/RockParticle",
            "Textures/SpinningBoard",
            "Textures/CartoonCloud",
            "Textures/Dust5A",
            "Textures/Dust3x"
        ],
        "mdx_sounds": [
            "sound/Sound/Buildings/Death//OrcBuildingDeathSmall1.wav"
        ],
        "pickbound": [
            0.9236350059509277,
            2.4683470726013184
        ]
    },
    "preview_icon": {},
    "sub_type": "mdx",
    "res_type": "editor_model",
    "import_export_folder_info": "/code_explorer_custom_root_folder_name/\u517d\u65cf/\u5efa\u7b51"
}