{
    "editor_model": {
        "model_id": 134270385,
        "select_effect_scale": 1.0,
        "describe": "Mdx\\\u6076\u9b54\u730e\u624b",
        "name": "\u6076\u9b54\u730e\u624b",
        "key": 134270385,
        "socket_info": {},
        "size": 1.0,
        "version": 1,
        "sub_type": "mdx",
        "custom_editor_type": "custom_editor_model",
        "uid": "editor_model_134270385",
        "res_type": "kkres",
        "md5": "7bdb83e92d78631444a77fc660732785"
    },
    "model": {
        "meshes": [],
        "mdx_path": "Mdx\\\u6076\u9b54\u730e\u624b.mdx",
        "model_id": 134270385,
        "name": "Mdx\\\u6076\u9b54\u730e\u624b",
        "physics_meshes": [
            "custom_editor_model/mdx/AutoPhy_\u6076\u9b54\u730e\u624b.mdx"
        ],
        "mdx_textures": [
            "Textures/HeroDemonHunter",
            "Textures/Black32",
            "Textures/Shadow",
            "Textures/Dust5ABlack",
            "Textures/Zap1",
            "Textures/Clouds8x8Mod",
            "Textures/Clouds8x8FadeWhite"
        ],
        "mdx_sounds": [
            "sound/Units/NightElf/HeroDemonHunter//HeroDemonHunterAttack1.wav",
            "sound/Units/NightElf/HeroDemonHunter//HeroDemonHunterAttack2.wav",
            "sound/Units/NightElf/HeroDemonHunter//HeroDemonHunterDeath1.wav",
            "sound/Units/NightElf/HeroDemonHunter//DemonHunterMorph1.wav",
            "sound/Units/NightElf/HeroDemonHunter//DemonHunterDeathAlternate1.wav",
            "sound/Sound/Units/NightElf//NightElfDissipate1.wav",
            "sound/Sound/Units/Footsteps//Step1.wav",
            "sound/Sound/Units/Footsteps//Step1.wav"
        ],
        "pickbound": [
            2.2534446716308594,
            2.454206943511963
        ]
    },
    "preview_icon": {},
    "sub_type": "mdx",
    "res_type": "editor_model",
    "import_export_folder_info": "/code_explorer_custom_root_folder_name/\u7cbe\u7075\u65cf/\u751f\u7269"
}