{
    "editor_model": {
        "model_id": 134220919,
        "select_effect_scale": 1.0,
        "describe": "Mdx\\sem_shi_jiu_qi_shi",
        "name": "sem_shi_jiu_qi_shi",
        "key": 134220919,
        "socket_info": {},
        "size": 1.0,
        "version": 1,
        "sub_type": "mdx",
        "custom_editor_type": "custom_editor_model",
        "uid": "editor_model_134220919",
        "res_type": "kkres",
        "md5": "a9907cb2c4716c62e8c53909d6fcaa21"
    },
    "model": {
        "meshes": [],
        "mdx_path": "Mdx\\sem_shi_jiu_qi_shi.mdx",
        "model_id": 134220919,
        "name": "Mdx\\sem_shi_jiu_qi_shi",
        "physics_meshes": [
            "custom_editor_model/mdx/AutoPhy_sem_shi_jiu_qi_shi.mdx"
        ],
        "mdx_textures": [
            "war3mapImported/z_tt_se_qq_qun_941442872_humanmale1_tt1",
            "war3mapImported/z_tt_se_qq_qun_941442872_humanmale1_tt2"
        ],
        "mdx_sounds": [],
        "pickbound": [
            0.6857627630233765,
            1.2937179803848267
        ]
    },
    "preview_icon": {},
    "sub_type": "mdx",
    "res_type": "editor_model",
    "import_export_folder_info": "/code_explorer_custom_root_folder_name/\u91cd\u5236\u7248"
}