{
    "editor_model": {
        "model_id": 134234817,
        "select_effect_scale": 1.0,
        "describe": "Mdx\\sem_shi_ren_mo_zhi_wang",
        "name": "sem_shi_ren_mo_zhi_wang",
        "key": 134234817,
        "socket_info": {},
        "size": 1.0,
        "version": 1,
        "sub_type": "mdx",
        "custom_editor_type": "custom_editor_model",
        "uid": "editor_model_134234817",
        "res_type": "kkres",
        "md5": "f9f8215be22ec86f5bd102dbb8a985da"
    },
    "model": {
        "meshes": [],
        "mdx_path": "Mdx\\sem_shi_ren_mo_zhi_wang.mdx",
        "model_id": 134234817,
        "name": "Mdx\\sem_shi_ren_mo_zhi_wang",
        "physics_meshes": [
            "custom_editor_model/mdx/AutoPhy_sem_shi_ren_mo_zhi_wang.mdx"
        ],
        "mdx_textures": [
            "war3mapImported/z_tt_se_qq_qun_941442872_sem_shi_ren_mo_zhi_wang_tt1",
            "war3mapImported/z_tt_se_qq_qun_941442872_sem_shi_ren_mo_zhi_wang_tt2",
            "war3mapImported/z_tt_se_qq_qun_941442872_sem_xie_shou_ren_da_jian_shi_tt2"
        ],
        "mdx_sounds": [],
        "pickbound": [
            0.3316136598587036,
            1.4318456649780273
        ]
    },
    "preview_icon": {},
    "sub_type": "mdx",
    "res_type": "editor_model",
    "import_export_folder_info": "/code_explorer_custom_root_folder_name/\u91cd\u5236\u7248"
}