{
    "Format": "wav",
    "IsCustom": true,
    "SoundPath": "134255335",
    "custom_editor_type": "custom_editor_sound",
    "describe": "",
    "key": 134255335,
    "md5": "919d28c6f649748b19ecf6c316a47efe",
    "name": "HeroMountainKingYes3",
    "res_name": "HeroMountainKingYes3.wav",
    "source": "code_Source_Import",
    "sub_type": "sound",
    "uid": 134255335,
    "version": 1,
    "res_type": "editor_sound",
    "import_export_folder_info": "/code_explorer_custom_root_folder_name/\u5c71\u4e18\u4e4b\u738b"
}