{
    "editor_model": {
        "model_id": 134230436,
        "select_effect_scale": 1.0,
        "describe": "Mdx\\\u90aa\u6076\u7684\u5deb\u5e08",
        "name": "\u90aa\u6076\u7684\u5deb\u5e08",
        "key": 134230436,
        "socket_info": {},
        "size": 1.0,
        "version": 1,
        "sub_type": "mdx",
        "custom_editor_type": "custom_editor_model",
        "uid": "editor_model_134230436",
        "res_type": "kkres",
        "md5": "0a4771f096d0f7686f188530be2751f8"
    },
    "model": {
        "meshes": [],
        "mdx_path": "Mdx\\\u90aa\u6076\u7684\u5deb\u5e08.mdx",
        "model_id": 134230436,
        "name": "Mdx\\\u90aa\u6076\u7684\u5deb\u5e08",
        "physics_meshes": [
            "custom_editor_model/mdx/AutoPhy_\u90aa\u6076\u7684\u5deb\u5e08.mdx"
        ],
        "mdx_textures": [
            "units/Demon/ChaosWarlock/ChaosWarlock",
            "Textures/Purple_Glow",
            "Textures/LightningBall",
            "Textures/gutz"
        ],
        "mdx_sounds": [
            "sound/Units/Orc/Grunt//GruntDeath.wav"
        ],
        "pickbound": [
            0.4673832654953003,
            1.102142333984375
        ]
    },
    "preview_icon": {},
    "sub_type": "mdx",
    "res_type": "editor_model",
    "import_export_folder_info": "/code_explorer_custom_root_folder_name/\u517d\u65cf/\u751f\u7269"
}