{
    "editor_model": {
        "model_id": 134231681,
        "select_effect_scale": 1.0,
        "describe": "Mdx\\sem_an_ying_di_yu_huo",
        "name": "sem_an_ying_di_yu_huo",
        "key": 134231681,
        "socket_info": {},
        "size": 1.0,
        "version": 1,
        "sub_type": "mdx",
        "custom_editor_type": "custom_editor_model",
        "uid": "editor_model_134231681",
        "res_type": "kkres",
        "md5": "5ad6052f707df179d1ee72d572754901"
    },
    "model": {
        "meshes": [],
        "mdx_path": "Mdx\\sem_an_ying_di_yu_huo.mdx",
        "model_id": 134231681,
        "name": "Mdx\\sem_an_ying_di_yu_huo",
        "physics_meshes": [
            "custom_editor_model/mdx/AutoPhy_sem_an_ying_di_yu_huo.mdx"
        ],
        "mdx_textures": [
            "war3mapImported/z_tt_se_qq_qun_941442872_sem_an_ying_di_yu_huo_tt1",
            "war3mapImported/z_tt_se_qq_qun_941442872_sem_an_ying_di_yu_huo_tt2",
            "Textures/Frost2"
        ],
        "mdx_sounds": [],
        "pickbound": [
            1.8061776161193848,
            3.681473970413208
        ]
    },
    "preview_icon": {},
    "sub_type": "mdx",
    "res_type": "editor_model",
    "import_export_folder_info": "/code_explorer_custom_root_folder_name/\u91cd\u5236\u7248"
}