{
    "editor_model": {
        "model_id": 134267307,
        "select_effect_scale": 1.0,
        "describe": "Mdx\\\u9b54\u6cd5\u5b9d\u7bb1",
        "name": "\u9b54\u6cd5\u5b9d\u7bb1",
        "key": 134267307,
        "socket_info": {},
        "size": 1.0,
        "version": 1,
        "sub_type": "mdx",
        "custom_editor_type": "custom_editor_model",
        "uid": "editor_model_134267307",
        "res_type": "kkres",
        "md5": "a66fc76c823625911014c767ee974a02"
    },
    "model": {
        "meshes": [],
        "mdx_path": "Mdx\\\u9b54\u6cd5\u5b9d\u7bb1.mdx",
        "model_id": 134267307,
        "name": "Mdx\\\u9b54\u6cd5\u5b9d\u7bb1",
        "physics_meshes": [
            "custom_editor_model/mdx/AutoPhy_\u9b54\u6cd5\u5b9d\u7bb1.mdx"
        ],
        "mdx_textures": [
            "Textures/CrystalSheild",
            "Textures/Rune1d",
            "Textures/Rune4",
            "ReplaceableTextures/Weather/Clouds8x8",
            "Textures/GenericGlow2b",
            "Textures/Shockwave10",
            "Textures/star4_32"
        ],
        "mdx_sounds": [
            "sound/Doodads/Barrens/Terrain/WyvernCage//WyvernCageDeath1.wav"
        ],
        "pickbound": [
            1.4422969818115234,
            1.7043448686599731
        ]
    },
    "preview_icon": {},
    "sub_type": "mdx",
    "res_type": "editor_model",
    "import_export_folder_info": "/code_explorer_custom_root_folder_name/\u4eba\u65cf/\u5efa\u7b51"
}