{
    "editor_model": {
        "model_id": 134240872,
        "select_effect_scale": 1.0,
        "describe": "Mdx\\\u56da\u8f66",
        "name": "\u56da\u8f66",
        "key": 134240872,
        "socket_info": {},
        "size": 1.0,
        "version": 1,
        "sub_type": "mdx",
        "custom_editor_type": "custom_editor_model",
        "uid": "editor_model_134240872",
        "res_type": "kkres",
        "md5": "bc1fb95571b3697d2895234f400f8f5a"
    },
    "model": {
        "meshes": [],
        "mdx_path": "Mdx\\\u56da\u8f66.mdx",
        "model_id": 134240872,
        "name": "Mdx\\\u56da\u8f66",
        "physics_meshes": [
            "custom_editor_model/mdx/AutoPhy_\u56da\u8f66.mdx"
        ],
        "mdx_textures": [
            "Textures/GlaiveThrower",
            "Textures/Doodads0"
        ],
        "mdx_sounds": [],
        "pickbound": [
            0.9389781355857849,
            1.3508151769638062
        ]
    },
    "preview_icon": {},
    "sub_type": "mdx",
    "res_type": "editor_model",
    "import_export_folder_info": "/code_explorer_custom_root_folder_name/\u7cbe\u7075\u65cf/\u751f\u7269"
}