{
    "editor_model": {
        "model_id": 134223696,
        "select_effect_scale": 1.0,
        "describe": "Mdx\\\u5361\u5c14",
        "name": "\u5361\u5c14",
        "key": 134223696,
        "socket_info": {},
        "size": 1.0,
        "version": 1,
        "sub_type": "mdx",
        "custom_editor_type": "custom_editor_model",
        "uid": "editor_model_134223696",
        "res_type": "kkres",
        "md5": "4b9650ca97f9ac54462688b7f9f6a5ac"
    },
    "model": {
        "meshes": [],
        "mdx_path": "Mdx\\\u5361\u5c14.mdx",
        "model_id": 134223696,
        "name": "Mdx\\\u5361\u5c14",
        "physics_meshes": [
            "custom_editor_model/mdx/AutoPhy_\u5361\u5c14.mdx"
        ],
        "mdx_textures": [
            "Textures/Hero_BloodElf",
            "Textures/Star9",
            "Textures/star3",
            "Textures/Yellow_Star_Dim"
        ],
        "mdx_sounds": [
            "sound/Units/Human/HeroBloodElf//BloodElfSorcerorDeath.wav",
            "sound/Sound/Units/Human//HumanDissipate1.wav"
        ],
        "pickbound": [
            1.5176901817321777,
            2.0533831119537354
        ]
    },
    "preview_icon": {},
    "sub_type": "mdx",
    "res_type": "editor_model",
    "import_export_folder_info": "/code_explorer_custom_root_folder_name/\u4eba\u65cf/\u751f\u7269"
}