{
    "editor_model": {
        "model_id": 134222087,
        "select_effect_scale": 1.0,
        "describe": "Mdx\\\u8ffd\u98ce\u4e4b\u897f\u5c14\u74e6\u5a1c\u65af",
        "name": "\u8ffd\u98ce\u4e4b\u897f\u5c14\u74e6\u5a1c\u65af",
        "key": 134222087,
        "socket_info": {},
        "size": 1.0,
        "version": 1,
        "sub_type": "mdx",
        "custom_editor_type": "custom_editor_model",
        "uid": "editor_model_134222087",
        "res_type": "kkres",
        "md5": "f1a6f68820d43911df9d0a95077fb880"
    },
    "model": {
        "meshes": [],
        "mdx_path": "Mdx\\\u8ffd\u98ce\u4e4b\u897f\u5c14\u74e6\u5a1c\u65af.mdx",
        "model_id": 134222087,
        "name": "Mdx\\\u8ffd\u98ce\u4e4b\u897f\u5c14\u74e6\u5a1c\u65af",
        "physics_meshes": [
            "custom_editor_model/mdx/AutoPhy_\u8ffd\u98ce\u4e4b\u897f\u5c14\u74e6\u5a1c\u65af.mdx"
        ],
        "mdx_textures": [
            "units/Creeps/SylvanusWindrunner/SylvanusWindrunner",
            "Textures/HeroRanger"
        ],
        "mdx_sounds": [
            "sound/Units/NightElf/Archer//ArcherDeath1.wav"
        ],
        "pickbound": [
            1.2528343200683594,
            1.0946238040924072
        ]
    },
    "preview_icon": {},
    "sub_type": "mdx",
    "res_type": "editor_model",
    "import_export_folder_info": "/code_explorer_custom_root_folder_name/\u4eba\u65cf/\u751f\u7269"
}