{
    "editor_model": {
        "model_id": 134235002,
        "select_effect_scale": 1.0,
        "describe": "Mdx\\\u9b54\u6cd5\u7834\u574f\u8005",
        "name": "\u9b54\u6cd5\u7834\u574f\u8005",
        "key": 134235002,
        "socket_info": {},
        "size": 1.0,
        "version": 1,
        "sub_type": "mdx",
        "custom_editor_type": "custom_editor_model",
        "uid": "editor_model_134235002",
        "res_type": "kkres",
        "md5": "67b5d00b1b4ba8a0948400f3c0cb3c52"
    },
    "model": {
        "meshes": [],
        "mdx_path": "Mdx\\\u9b54\u6cd5\u7834\u574f\u8005.mdx",
        "model_id": 134235002,
        "name": "Mdx\\\u9b54\u6cd5\u7834\u574f\u8005",
        "physics_meshes": [
            "custom_editor_model/mdx/AutoPhy_\u9b54\u6cd5\u7834\u574f\u8005.mdx"
        ],
        "mdx_textures": [
            "Textures/BloodElf-SpellThief",
            "Textures/star5tga",
            "Textures/GenericGlow64",
            "Textures/Red_Glow3",
            "Textures/Knife_spinningBlade",
            "Textures/gutz",
            "Textures/Zap1_Red"
        ],
        "mdx_sounds": [
            "sound/Units/Human/BloodElfSpellThief//BloodElfSpellThiefDeath1.wav"
        ],
        "pickbound": [
            0.5128217339515686,
            1.6997352838516235
        ]
    },
    "preview_icon": {},
    "sub_type": "mdx",
    "res_type": "editor_model",
    "import_export_folder_info": "/code_explorer_custom_root_folder_name/\u4eba\u65cf/\u751f\u7269"
}