{
    "editor_model": {
        "model_id": 134269588,
        "select_effect_scale": 1.0,
        "describe": "Mdx\\\u751f\u547d\u4e4b\u68112",
        "name": "\u751f\u547d\u4e4b\u68112",
        "key": 134269588,
        "socket_info": {},
        "size": 1.0,
        "version": 1,
        "sub_type": "mdx",
        "custom_editor_type": "custom_editor_model",
        "uid": "editor_model_134269588",
        "res_type": "kkres",
        "md5": "bd058dfd0580d0c82bd9d79074fdc578"
    },
    "model": {
        "meshes": [],
        "mdx_path": "Mdx\\\u751f\u547d\u4e4b\u68112.mdx",
        "model_id": 134269588,
        "name": "Mdx\\\u751f\u547d\u4e4b\u68112",
        "physics_meshes": [
            "custom_editor_model/mdx/AutoPhy_\u751f\u547d\u4e4b\u68112.mdx"
        ],
        "mdx_textures": [
            "buildings/Demon/CorruptedTreeofLife/CorruptedTreeofLife"
        ],
        "mdx_sounds": [
            "sound/Sound/Units/Footsteps//Step1.wav",
            "sound/Abilities/Spells/NightElf/Root//Root.wav",
            "sound/Abilities/Spells/NightElf/Uproot//Uproot.wav",
            "sound/Sound/Buildings/Death//NightElfBuildingDeathLarge1.wav",
            "sound/Sound/Buildings/Death//AncientUprootDeath1.wav",
            "sound/Abilities/Spells/NightElf/EatTree//EatTreeTarget1.wav"
        ],
        "pickbound": [
            1.4476141929626465,
            2.6797757148742676
        ]
    },
    "preview_icon": {},
    "sub_type": "mdx",
    "res_type": "editor_model",
    "import_export_folder_info": "/code_explorer_custom_root_folder_name/\u7cbe\u7075\u65cf/\u5efa\u7b51"
}