{
    "editor_model": {
        "model_id": 134281509,
        "select_effect_scale": 1.0,
        "describe": "Mdx\\\u4e3b\u57ce",
        "name": "\u4e3b\u57ce",
        "key": 134281509,
        "socket_info": {},
        "size": 1.0,
        "version": 1,
        "sub_type": "mdx",
        "custom_editor_type": "custom_editor_model",
        "uid": "editor_model_134281509",
        "res_type": "kkres",
        "md5": "c0d73288e7868dc8157d72c2130c41ea"
    },
    "model": {
        "meshes": [],
        "mdx_path": "Mdx\\\u4e3b\u57ce.mdx",
        "model_id": 134281509,
        "name": "Mdx\\\u4e3b\u57ce",
        "physics_meshes": [
            "custom_editor_model/mdx/AutoPhy_\u4e3b\u57ce.mdx"
        ],
        "mdx_textures": [
            "buildings/Human/TownHall/TownHallCastleKeep",
            "Textures/Shockwave1",
            "ReplaceableTextures/Splats/HumanTownHallUberSplat",
            "Textures/Doodads0",
            "ReplaceableTextures/Splats/HumanCastleUberSplat",
            "Textures/DeathSmug",
            "Textures/CloudSingle",
            "Textures/RockParticle",
            "Textures/SpinningBoard",
            "Textures/Dust5A",
            "Textures/CartoonCloud",
            "Textures/Clouds8x8",
            "Textures/Dust3x",
            "Textures/Clouds8x8Mod"
        ],
        "mdx_sounds": [
            "sound/Sound/Buildings/Death//BuildingDeathLargeHuman.wav"
        ],
        "pickbound": [
            2.0173325538635254,
            4.967319965362549
        ]
    },
    "preview_icon": {},
    "sub_type": "mdx",
    "res_type": "editor_model",
    "import_export_folder_info": "/code_explorer_custom_root_folder_name/\u4eba\u65cf/\u5efa\u7b51"
}