{
    "editor_model": {
        "model_id": 134272749,
        "select_effect_scale": 1.0,
        "describe": "Mdx\\\u9ea6\u8fea\u6587",
        "name": "\u9ea6\u8fea\u6587",
        "key": 134272749,
        "socket_info": {},
        "size": 1.0,
        "version": 1,
        "sub_type": "mdx",
        "custom_editor_type": "custom_editor_model",
        "uid": "editor_model_134272749",
        "res_type": "kkres",
        "md5": "e4f71db9402d84facafb8ab330b61bd6"
    },
    "model": {
        "meshes": [],
        "mdx_path": "Mdx\\\u9ea6\u8fea\u6587.mdx",
        "model_id": 134272749,
        "name": "Mdx\\\u9ea6\u8fea\u6587",
        "physics_meshes": [
            "custom_editor_model/mdx/AutoPhy_\u9ea6\u8fea\u6587.mdx"
        ],
        "mdx_textures": [
            "units/Creeps/Medivh/Medivh",
            "units/Creeps/Medivh/StormCrow",
            "units/Creeps/Medivh/GenericGlow2_mip1",
            "Textures/Clouds32_anim"
        ],
        "mdx_sounds": [
            "sound/Units/NightElf/DruidOfTheTalon//DruidOfTheTalonDeath1.wav",
            "sound/Units/NightElf/DruidOfTheTalon//DruidOfTheTalonDeathAlternate1.wav",
            "sound/Units/NightElf/DruidOfTheTalon//DruidOfTheTalonMorph1.wav",
            "sound/Units/NightElf/DruidOfTheTalon//DruidOfTheTalonMorphAlternate1.wav"
        ],
        "pickbound": [
            0.4002317190170288,
            1.4608896970748901
        ]
    },
    "preview_icon": {},
    "sub_type": "mdx",
    "res_type": "editor_model",
    "import_export_folder_info": "/code_explorer_custom_root_folder_name/\u4eba\u65cf/\u751f\u7269"
}