{
    "editor_model": {
        "model_id": 134261722,
        "select_effect_scale": 1.0,
        "describe": "Mdx\\\u80fd\u91cf\u4ea7\u751f\u5668",
        "name": "\u80fd\u91cf\u4ea7\u751f\u5668",
        "key": 134261722,
        "socket_info": {},
        "size": 1.0,
        "version": 1,
        "sub_type": "mdx",
        "custom_editor_type": "custom_editor_model",
        "uid": "editor_model_134261722",
        "res_type": "kkres",
        "md5": "9a2c05896fedf1e6e6059d107167da29"
    },
    "model": {
        "meshes": [],
        "mdx_path": "Mdx\\\u80fd\u91cf\u4ea7\u751f\u5668.mdx",
        "model_id": 134261722,
        "name": "Mdx\\\u80fd\u91cf\u4ea7\u751f\u5668",
        "physics_meshes": [
            "custom_editor_model/mdx/AutoPhy_\u80fd\u91cf\u4ea7\u751f\u5668.mdx"
        ],
        "mdx_textures": [
            "buildings/Other/PowerGenerator/PowerGenerator",
            "buildings/Other/PowerGenerator/Red_Glow1",
            "Textures/DeathSmug",
            "buildings/Other/PowerGenerator/Shockwave_red",
            "Textures/RockParticle",
            "Textures/SpinningBoard",
            "Textures/Clouds8x8Fire",
            "Textures/Dust5A",
            "Textures/CartoonCloud",
            "Textures/Red_star2",
            "Textures/Dust3x"
        ],
        "mdx_sounds": [],
        "pickbound": [
            2.793954849243164,
            5.108880043029785
        ]
    },
    "preview_icon": {},
    "sub_type": "mdx",
    "res_type": "editor_model",
    "import_export_folder_info": "/code_explorer_custom_root_folder_name/\u517d\u65cf/\u5efa\u7b51"
}