{
    "editor_model": {
        "model_id": 134275674,
        "select_effect_scale": 1.0,
        "describe": "Mdx\\\u585e\u6069\u5fb7\u91cc\u65af",
        "name": "\u585e\u6069\u5fb7\u91cc\u65af",
        "key": 134275674,
        "socket_info": {},
        "size": 1.0,
        "version": 1,
        "sub_type": "mdx",
        "custom_editor_type": "custom_editor_model",
        "uid": "editor_model_134275674",
        "res_type": "kkres",
        "md5": "595ec987357ce14fdc69f24976c5aa79"
    },
    "model": {
        "meshes": [],
        "mdx_path": "Mdx\\\u585e\u6069\u5fb7\u91cc\u65af.mdx",
        "model_id": 134275674,
        "name": "Mdx\\\u585e\u6069\u5fb7\u91cc\u65af",
        "physics_meshes": [
            "custom_editor_model/mdx/AutoPhy_\u585e\u6069\u5fb7\u91cc\u65af.mdx"
        ],
        "mdx_textures": [
            "units/NightElf/Shandris/Shandris",
            "Textures/HeroRanger",
            "Textures/gutz"
        ],
        "mdx_sounds": [
            "sound/Units/NightElf/Archer//ArcherDeath1.wav"
        ],
        "pickbound": [
            0.8556743860244751,
            1.0946238040924072
        ]
    },
    "preview_icon": {},
    "sub_type": "mdx",
    "res_type": "editor_model",
    "import_export_folder_info": "/code_explorer_custom_root_folder_name/\u7cbe\u7075\u65cf/\u751f\u7269"
}