{
    "editor_model": {
        "model_id": 134233056,
        "select_effect_scale": 1.0,
        "describe": "Mdx\\sem_zeng_e_lv_se",
        "name": "sem_zeng_e_lv_se",
        "key": 134233056,
        "socket_info": {},
        "size": 1.0,
        "version": 1,
        "sub_type": "mdx",
        "custom_editor_type": "custom_editor_model",
        "uid": "editor_model_134233056",
        "res_type": "kkres",
        "md5": "097c0fe43ec933638b9f2a88b5ef6e1a"
    },
    "model": {
        "meshes": [],
        "mdx_path": "Mdx\\sem_zeng_e_lv_se.mdx",
        "model_id": 134233056,
        "name": "Mdx\\sem_zeng_e_lv_se",
        "physics_meshes": [
            "custom_editor_model/mdx/AutoPhy_sem_zeng_e_lv_se.mdx"
        ],
        "mdx_textures": [
            "war3mapImported/z_tt_se_qq_qun_941442872_sem_zeng_e_lv_se_tt1",
            "war3mapImported/z_tt_se_qq_qun_941442872_sem_zeng_e_lv_se_tt2"
        ],
        "mdx_sounds": [],
        "pickbound": [
            0.9987658858299255,
            1.7741268873214722
        ]
    },
    "preview_icon": {},
    "sub_type": "mdx",
    "res_type": "editor_model",
    "import_export_folder_info": "/code_explorer_custom_root_folder_name/\u91cd\u5236\u7248"
}