{
    "editor_model": {
        "model_id": 134222565,
        "select_effect_scale": 1.0,
        "describe": "Mdx\\\u8239\u957f",
        "name": "\u8239\u957f",
        "key": 134222565,
        "socket_info": {},
        "size": 1.0,
        "version": 1,
        "sub_type": "mdx",
        "custom_editor_type": "custom_editor_model",
        "uid": "editor_model_134222565",
        "res_type": "kkres",
        "md5": "6a6e5f36eca29fe544cef7a698dc2065"
    },
    "model": {
        "meshes": [],
        "mdx_path": "Mdx\\\u8239\u957f.mdx",
        "model_id": 134222565,
        "name": "Mdx\\\u8239\u957f",
        "physics_meshes": [
            "custom_editor_model/mdx/AutoPhy_\u8239\u957f.mdx"
        ],
        "mdx_textures": [
            "units/Human/TheCaptain/TheCaptain",
            "Textures/gutz"
        ],
        "mdx_sounds": [
            "sound/Units/Human/Footman//FootmanDeath.wav"
        ],
        "pickbound": [
            0.3918714225292206,
            1.0997931957244873
        ]
    },
    "preview_icon": {},
    "sub_type": "mdx",
    "res_type": "editor_model",
    "import_export_folder_info": "/code_explorer_custom_root_folder_name/\u4eba\u65cf/\u751f\u7269"
}