{
    "editor_model": {
        "model_id": 134278824,
        "select_effect_scale": 1.0,
        "describe": "Mdx\\\u82e6\u5de5",
        "name": "\u82e6\u5de5",
        "key": 134278824,
        "socket_info": {},
        "size": 1.0,
        "version": 1,
        "sub_type": "mdx",
        "custom_editor_type": "custom_editor_model",
        "uid": "editor_model_134278824",
        "res_type": "kkres",
        "md5": "3bc3e2853318c6308df85b5b57632a87"
    },
    "model": {
        "meshes": [],
        "mdx_path": "Mdx\\\u82e6\u5de5.mdx",
        "model_id": 134278824,
        "name": "Mdx\\\u82e6\u5de5",
        "physics_meshes": [
            "custom_editor_model/mdx/AutoPhy_\u82e6\u5de5.mdx"
        ],
        "mdx_textures": [
            "units/Orc/Peon/peon",
            "Textures/gutz"
        ],
        "mdx_sounds": [
            "sound/Units/Orc/Peon//PeonDeath.wav",
            "sound/Abilities/Spells/Other/Repair//PeonRepair1.wav"
        ],
        "pickbound": [
            0.37939536571502686,
            0.8927415013313293
        ]
    },
    "preview_icon": {},
    "sub_type": "mdx",
    "res_type": "editor_model",
    "import_export_folder_info": "/code_explorer_custom_root_folder_name/\u517d\u65cf/\u751f\u7269"
}