{
    "editor_model": {
        "model_id": 134263320,
        "select_effect_scale": 1.0,
        "describe": "Mdx\\sem_na_jia_hai_yao",
        "name": "sem_na_jia_hai_yao",
        "key": 134263320,
        "socket_info": {},
        "size": 1.0,
        "version": 1,
        "sub_type": "mdx",
        "custom_editor_type": "custom_editor_model",
        "uid": "editor_model_134263320",
        "res_type": "kkres",
        "md5": "bbd50c6ce9d0c0409f0cf2b2eb31b680"
    },
    "model": {
        "meshes": [],
        "mdx_path": "Mdx\\sem_na_jia_hai_yao.mdx",
        "model_id": 134263320,
        "name": "Mdx\\sem_na_jia_hai_yao",
        "physics_meshes": [
            "custom_editor_model/mdx/AutoPhy_sem_na_jia_hai_yao.mdx"
        ],
        "mdx_textures": [
            "war3mapImported/z_tt_se_qq_qun_941442872_sem_na_jia_hai_yao_tt1",
            "war3mapImported/z_tt_se_qq_qun_941442872_sem_na_jia_hai_yao_tt2",
            "war3mapImported/z_tt_se_qq_qun_941442872_sem_na_jia_hai_yao_tt3"
        ],
        "mdx_sounds": [],
        "pickbound": [
            0.38730889558792114,
            1.3256338834762573
        ]
    },
    "preview_icon": {},
    "sub_type": "mdx",
    "res_type": "editor_model",
    "import_export_folder_info": "/code_explorer_custom_root_folder_name/\u91cd\u5236\u7248"
}