{
    "editor_model": {
        "model_id": 134264115,
        "select_effect_scale": 1.0,
        "describe": "Mdx\\\u51b0\u4e4b\u5b9d\u76d2",
        "name": "\u51b0\u4e4b\u5b9d\u76d2",
        "key": 134264115,
        "socket_info": {},
        "size": 1.0,
        "version": 1,
        "sub_type": "mdx",
        "custom_editor_type": "custom_editor_model",
        "uid": "editor_model_134264115",
        "res_type": "kkres",
        "md5": "dbc7a3f20e4a663a05b6d607bd031b35"
    },
    "model": {
        "meshes": [],
        "mdx_path": "Mdx\\\u51b0\u4e4b\u5b9d\u76d2.mdx",
        "model_id": 134264115,
        "name": "Mdx\\\u51b0\u4e4b\u5b9d\u76d2",
        "physics_meshes": [
            "custom_editor_model/mdx/AutoPhy_\u51b0\u4e4b\u5b9d\u76d2.mdx"
        ],
        "mdx_textures": [
            "buildings/Other/IceCrownTreasureBox/Shockwave_blue",
            "buildings/Other/IceCrownTreasureBox/NorthrendStructures",
            "Textures/CrystalSheild",
            "Textures/Blue_Star",
            "Textures/Shockwave11",
            "Textures/Clouds8x8",
            "Textures/Dust3x",
            "Textures/Blue_Star2"
        ],
        "mdx_sounds": [
            "sound/Buildings/Other/Frostmourne//FrostmourneDeath.wav"
        ],
        "pickbound": [
            1.1659932136535645,
            3.1108570098876953
        ]
    },
    "preview_icon": {},
    "sub_type": "mdx",
    "res_type": "editor_model",
    "import_export_folder_info": "/code_explorer_custom_root_folder_name/\u4eba\u65cf/\u5efa\u7b51"
}