{
    "editor_model": {
        "model_id": 134277221,
        "select_effect_scale": 1.0,
        "describe": "Mdx\\\u957f\u8005\u796d\u575b",
        "name": "\u957f\u8005\u796d\u575b",
        "key": 134277221,
        "socket_info": {},
        "size": 1.0,
        "version": 1,
        "sub_type": "mdx",
        "custom_editor_type": "custom_editor_model",
        "uid": "editor_model_134277221",
        "res_type": "kkres",
        "md5": "e8659054953417a07aeb43d595361c34"
    },
    "model": {
        "meshes": [],
        "mdx_path": "Mdx\\\u957f\u8005\u796d\u575b.mdx",
        "model_id": 134277221,
        "name": "Mdx\\\u957f\u8005\u796d\u575b",
        "physics_meshes": [
            "custom_editor_model/mdx/AutoPhy_\u957f\u8005\u796d\u575b.mdx"
        ],
        "mdx_textures": [
            "buildings/NightElf/AltarofElders/Altar",
            "Textures/Yellow_Star_Dim"
        ],
        "mdx_sounds": [
            "sound/Sound/Buildings/Death//NightElfBuildingDeathSmall1.wav"
        ],
        "pickbound": [
            1.4969134330749512,
            3.035950183868408
        ]
    },
    "preview_icon": {},
    "sub_type": "mdx",
    "res_type": "editor_model",
    "import_export_folder_info": "/code_explorer_custom_root_folder_name/\u7cbe\u7075\u65cf/\u5efa\u7b51"
}