{
    "editor_model": {
        "model_id": 134261807,
        "select_effect_scale": 1.0,
        "describe": "Mdx\\\u5f13\u7bad\u624b",
        "name": "\u5f13\u7bad\u624b",
        "key": 134261807,
        "socket_info": {},
        "size": 1.0,
        "version": 1,
        "sub_type": "mdx",
        "custom_editor_type": "custom_editor_model",
        "uid": "editor_model_134261807",
        "res_type": "kkres",
        "md5": "40dd0e17887b4a7bc24f681d512ecadb"
    },
    "model": {
        "meshes": [],
        "mdx_path": "Mdx\\\u5f13\u7bad\u624b.mdx",
        "model_id": 134261807,
        "name": "Mdx\\\u5f13\u7bad\u624b",
        "physics_meshes": [
            "custom_editor_model/mdx/AutoPhy_\u5f13\u7bad\u624b.mdx"
        ],
        "mdx_textures": [
            "units/Creeps/HighElfArcher/HighElfArcher",
            "Textures/gutz",
            "Textures/star2_32"
        ],
        "mdx_sounds": [
            "sound/Units/NightElf/Archer//ArcherDeath1.wav",
            "sound/Units/Human/HeroRanger//HeroRangerAttack1.wav",
            "sound/Units/Human/HeroRanger//HeroRangerAttack2.wav"
        ],
        "pickbound": [
            0.5169344544410706,
            0.9331148862838745
        ]
    },
    "preview_icon": {},
    "sub_type": "mdx",
    "res_type": "editor_model",
    "import_export_folder_info": "/code_explorer_custom_root_folder_name/\u4eba\u65cf/\u751f\u7269"
}