{
    "editor_model": {
        "model_id": 134272711,
        "select_effect_scale": 1.0,
        "describe": "Mdx\\\u9ad8\u7b49\u7cbe\u7075\u519c\u573a7",
        "name": "\u9ad8\u7b49\u7cbe\u7075\u519c\u573a7",
        "key": 134272711,
        "socket_info": {},
        "size": 1.0,
        "version": 1,
        "sub_type": "mdx",
        "custom_editor_type": "custom_editor_model",
        "uid": "editor_model_134272711",
        "res_type": "kkres",
        "md5": "a82d64df924e513d991f171fabc53087"
    },
    "model": {
        "meshes": [],
        "mdx_path": "Mdx\\\u9ad8\u7b49\u7cbe\u7075\u519c\u573a7.mdx",
        "model_id": 134272711,
        "name": "Mdx\\\u9ad8\u7b49\u7cbe\u7075\u519c\u573a7",
        "physics_meshes": [
            "custom_editor_model/mdx/AutoPhy_\u9ad8\u7b49\u7cbe\u7075\u519c\u573a7.mdx"
        ],
        "mdx_textures": [
            "Textures/ElvenFarm",
            "Textures/Dust5A",
            "Textures/RockParticle",
            "Textures/SpinningBoard",
            "Textures/Clouds8x8Fire",
            "Textures/CartoonCloud",
            "Textures/Dust3x"
        ],
        "mdx_sounds": [
            "sound/Sound/Buildings/Death//BuildingDeathSmallHuman.wav"
        ],
        "pickbound": [
            1.3259323835372925,
            4.224519729614258
        ]
    },
    "preview_icon": {},
    "sub_type": "mdx",
    "res_type": "editor_model",
    "import_export_folder_info": "/code_explorer_custom_root_folder_name/\u4eba\u65cf/\u5efa\u7b51"
}