{
    "134279282": {
        "editor_effect": {
            "model_id": 134254851,
            "preview_icon": "",
            "name": "\u6bd2\u70df",
            "describe": "134279282",
            "key": 134279282,
            "res_type": "kkres",
            "res_identify": "",
            "scale": 1.0,
            "uid": "134279282",
            "source_effect": [
                104299
            ],
            "version": 1,
            "md5": "3246651476558911bf1ca7c11f59a323",
            "deps_info": {
                "deps": [
                    [
                        "editor_icon",
                        903069
                    ]
                ],
                "sound_id_list": []
            }
        },
        "model": {
            "name": "\u6bd2\u70df",
            "model_id": 134254851,
            "effect_path": "Fx_Effect/Effect_Editor/Fire/Effect_Editor_fire_test_copy_1",
            "meshes": [],
            "custom": true,
            "effect_keep": false,
            "effect_max_life": 2.59999995,
            "is_beam_effect": false
        }
    },
    "sub_type": null,
    "res_type": "editor_effect",
    "import_export_folder_info": "/code_explorer_custom_root_folder_name"
}