{
    "editor_model": {
        "model_id": 134280255,
        "select_effect_scale": 1.0,
        "describe": "Mdx\\\u4f20\u9001\u95e8",
        "name": "\u4f20\u9001\u95e8",
        "key": 134280255,
        "socket_info": {},
        "size": 1.0,
        "version": 1,
        "sub_type": "mdx",
        "custom_editor_type": "custom_editor_model",
        "uid": "editor_model_134280255",
        "res_type": "kkres",
        "md5": "4b3530869f837a9e236f245392aecd7d"
    },
    "model": {
        "meshes": [],
        "mdx_path": "Mdx\\\u4f20\u9001\u95e8.mdx",
        "model_id": 134280255,
        "name": "Mdx\\\u4f20\u9001\u95e8",
        "physics_meshes": [
            "custom_editor_model/mdx/AutoPhy_\u4f20\u9001\u95e8.mdx"
        ],
        "mdx_textures": [
            "Textures/rock64",
            "Textures/Purple_Glow",
            "Textures/ShockwaveWater1Black",
            "Textures/GenericGlow5",
            "Textures/AuraRune7Green",
            "Textures/firering4",
            "doodads/Cinematic/ShimmeringPortal/white32",
            "ReplaceableTextures/Weather/LightningForked",
            "Textures/Purple_Star",
            "Textures/GenericGlow2b",
            "Textures/star4_32",
            "Textures/ShockwaveWater1"
        ],
        "mdx_sounds": [],
        "pickbound": [
            1.7812427282333374,
            6.330510139465332
        ]
    },
    "preview_icon": {},
    "sub_type": "mdx",
    "res_type": "editor_model",
    "import_export_folder_info": "/code_explorer_custom_root_folder_name/\u4eba\u65cf/\u5efa\u7b51"
}