{
    "editor_model": {
        "model_id": 134268550,
        "select_effect_scale": 1.0,
        "describe": "Mdx\\\u9f99\u4e4b\u6816\u6728",
        "name": "\u9f99\u4e4b\u6816\u6728",
        "key": 134268550,
        "socket_info": {},
        "size": 1.0,
        "version": 1,
        "sub_type": "mdx",
        "custom_editor_type": "custom_editor_model",
        "uid": "editor_model_134268550",
        "res_type": "kkres",
        "md5": "e6533c1abda1750ba89314349d5bcd60"
    },
    "model": {
        "meshes": [],
        "mdx_path": "Mdx\\\u9f99\u4e4b\u6816\u6728.mdx",
        "model_id": 134268550,
        "name": "Mdx\\\u9f99\u4e4b\u6816\u6728",
        "physics_meshes": [
            "custom_editor_model/mdx/AutoPhy_\u9f99\u4e4b\u6816\u6728.mdx"
        ],
        "mdx_textures": [
            "buildings/Other/DragonBuilding/DragonRoost",
            "ReplaceableTextures/TeamGlow/TeamGlow06",
            "Textures/Magic1",
            "Textures/Clouds8x8Fire",
            "Textures/Dust5A",
            "Textures/RockParticle",
            "Textures/CartoonCloud",
            "Textures/Dust3x"
        ],
        "mdx_sounds": [
            "sound/Sound/Buildings/Death//BuildingDeathLargeHuman.wav"
        ],
        "pickbound": [
            1.2828510999679565,
            3.339141845703125
        ]
    },
    "preview_icon": {},
    "sub_type": "mdx",
    "res_type": "editor_model",
    "import_export_folder_info": "/code_explorer_custom_root_folder_name/\u517d\u65cf/\u5efa\u7b51"
}