{
    "editor_model": {
        "model_id": 134247594,
        "select_effect_scale": 1.0,
        "describe": "Mdx\\\u52a0\u91cc\u745f\u745f",
        "name": "\u52a0\u91cc\u745f\u745f",
        "key": 134247594,
        "socket_info": {},
        "size": 1.0,
        "version": 1,
        "sub_type": "mdx",
        "custom_editor_type": "custom_editor_model",
        "uid": "editor_model_134247594",
        "res_type": "kkres",
        "md5": "389f230df5453aef1c007cb675b464da"
    },
    "model": {
        "meshes": [],
        "mdx_path": "Mdx\\\u52a0\u91cc\u745f\u745f.mdx",
        "model_id": 134247594,
        "name": "Mdx\\\u52a0\u91cc\u745f\u745f",
        "physics_meshes": [
            "custom_editor_model/mdx/AutoPhy_\u52a0\u91cc\u745f\u745f.mdx"
        ],
        "mdx_textures": [
            "units/Creeps/LordGarithos/LordGarithos",
            "Textures/gutz",
            "Textures/Yellow_Star",
            "Textures/RibbonBlur1",
            "Textures/Dust3x",
            "Textures/ShockwaveWater1"
        ],
        "mdx_sounds": [
            "sound/Units/Human/Knight//KnightDeath.wav"
        ],
        "pickbound": [
            1.5678746700286865,
            1.9073847532272339
        ]
    },
    "preview_icon": {},
    "sub_type": "mdx",
    "res_type": "editor_model",
    "import_export_folder_info": "/code_explorer_custom_root_folder_name/\u4eba\u65cf/\u751f\u7269"
}