{
    "editor_model": {
        "model_id": 134275294,
        "select_effect_scale": 1.0,
        "describe": "Mdx\\\u9ad8\u7b49\u7cbe\u7075\uff08\u7537\u6027\uff09",
        "name": "\u9ad8\u7b49\u7cbe\u7075\uff08\u7537\u6027\uff09",
        "key": 134275294,
        "socket_info": {},
        "size": 1.0,
        "version": 1,
        "sub_type": "mdx",
        "custom_editor_type": "custom_editor_model",
        "uid": "editor_model_134275294",
        "res_type": "kkres",
        "md5": "3e4535ba592e3310ceb7319020c0f856"
    },
    "model": {
        "meshes": [],
        "mdx_path": "Mdx\\\u9ad8\u7b49\u7cbe\u7075\uff08\u7537\u6027\uff09.mdx",
        "model_id": 134275294,
        "name": "Mdx\\\u9ad8\u7b49\u7cbe\u7075\uff08\u7537\u6027\uff09",
        "physics_meshes": [
            "custom_editor_model/mdx/AutoPhy_\u9ad8\u7b49\u7cbe\u7075\uff08\u7537\u6027\uff09.mdx"
        ],
        "mdx_textures": [
            "units/Critters/HighElfPeasant/HighElfPeasant",
            "Textures/gutz"
        ],
        "mdx_sounds": [
            "sound/Units/Human/Peasant//PeasantDeath.wav",
            "sound/Abilities/Spells/Other/Repair//PeonRepair1.wav"
        ],
        "pickbound": [
            0.27626609802246094,
            0.9651605486869812
        ]
    },
    "preview_icon": {},
    "sub_type": "mdx",
    "res_type": "editor_model",
    "import_export_folder_info": "/code_explorer_custom_root_folder_name/\u4eba\u65cf/\u751f\u7269"
}