{
    "editor_model": {
        "model_id": 134228379,
        "select_effect_scale": 1.0,
        "describe": "Mdx\\\u5251\u5723",
        "name": "\u5251\u5723",
        "key": 134228379,
        "socket_info": {},
        "size": 1.0,
        "version": 1,
        "sub_type": "mdx",
        "custom_editor_type": "custom_editor_model",
        "uid": "editor_model_134228379",
        "res_type": "kkres",
        "md5": "f2f72d31518cb8e21394f88dbd9f767c"
    },
    "model": {
        "meshes": [],
        "mdx_path": "Mdx\\\u5251\u5723.mdx",
        "model_id": 134228379,
        "name": "Mdx\\\u5251\u5723",
        "physics_meshes": [
            "custom_editor_model/mdx/AutoPhy_\u5251\u5723.mdx"
        ],
        "mdx_textures": [
            "Textures/HeroBladeMaster",
            "Textures/Tornado2b",
            "Textures/Red_Glow3",
            "Textures/RibbonBlur1",
            "Textures/Flame4",
            "Textures/GenericGlow2c"
        ],
        "mdx_sounds": [
            "sound/Units/Orc/HeroBladeMaster//CriticalStrike.wav",
            "sound/Units/Orc/HeroBladeMaster//HeroBladeMasterDeath.wav",
            "sound/Units/Orc/HeroBladeMaster//HeroBladeMasterAttack1.wav",
            "sound/Units/Orc/HeroBladeMaster//HeroBladeMasterAttack2.wav",
            "sound/Units/Orc/HeroBladeMaster//BladeMasterWhirlwind.wav",
            "sound/Sound/Units/Orc//OrcDissipate1.wav"
        ],
        "pickbound": [
            1.7028510570526123,
            2.3483550548553467
        ]
    },
    "preview_icon": {},
    "sub_type": "mdx",
    "res_type": "editor_model",
    "import_export_folder_info": "/code_explorer_custom_root_folder_name/\u517d\u65cf/\u751f\u7269"
}