{
    "editor_model": {
        "model_id": 134223352,
        "select_effect_scale": 1.0,
        "describe": "Mdx\\\u4eba\u65cf\u8239\u575e",
        "name": "\u4eba\u65cf\u8239\u575e",
        "key": 134223352,
        "socket_info": {},
        "size": 1.0,
        "version": 1,
        "sub_type": "mdx",
        "custom_editor_type": "custom_editor_model",
        "uid": "editor_model_134223352",
        "res_type": "kkres",
        "md5": "888ddc8283a123038a2173ba6015a1d3"
    },
    "model": {
        "meshes": [],
        "mdx_path": "Mdx\\\u4eba\u65cf\u8239\u575e.mdx",
        "model_id": 134223352,
        "name": "Mdx\\\u4eba\u65cf\u8239\u575e",
        "physics_meshes": [
            "custom_editor_model/mdx/AutoPhy_\u4eba\u65cf\u8239\u575e.mdx"
        ],
        "mdx_textures": [
            "Textures/BackGround",
            "buildings/Human/HumanShipyard/HumanShipyard",
            "Textures/GoblinShipyard",
            "Textures/RockParticle",
            "Textures/SpinningBoard",
            "Textures/Clouds8x8Fire",
            "Textures/CartoonCloud"
        ],
        "mdx_sounds": [
            "sound/Sound/Buildings/Death//BuildingDeathLargeHuman.wav"
        ],
        "pickbound": [
            1.570382833480835,
            3.1329097747802734
        ]
    },
    "preview_icon": {},
    "sub_type": "mdx",
    "res_type": "editor_model",
    "import_export_folder_info": "/code_explorer_custom_root_folder_name/\u4eba\u65cf/\u5efa\u7b51"
}