{
    "editor_model": {
        "model_id": 134231291,
        "select_effect_scale": 1.0,
        "describe": "Mdx\\\u4eba\u65cf\u62a4\u536b\u8230",
        "name": "\u4eba\u65cf\u62a4\u536b\u8230",
        "key": 134231291,
        "socket_info": {},
        "size": 1.0,
        "version": 1,
        "sub_type": "mdx",
        "custom_editor_type": "custom_editor_model",
        "uid": "editor_model_134231291",
        "res_type": "kkres",
        "md5": "f4811298762b4245fa3c8c64e4e1fc3b"
    },
    "model": {
        "meshes": [],
        "mdx_path": "Mdx\\\u4eba\u65cf\u62a4\u536b\u8230.mdx",
        "model_id": 134231291,
        "name": "Mdx\\\u4eba\u65cf\u62a4\u536b\u8230",
        "physics_meshes": [
            "custom_editor_model/mdx/AutoPhy_\u4eba\u65cf\u62a4\u536b\u8230.mdx"
        ],
        "mdx_textures": [
            "Textures/HumanDestroyerShip",
            "Textures/WaterWake3",
            "Textures/WaterBlobs1",
            "Textures/White_64_Foam1",
            "Textures/Clouds8x8",
            "Textures/LavaLump2"
        ],
        "mdx_sounds": [
            "sound/Doodads/Northrend/Water/Battleship//BattleShipDeath1.wav"
        ],
        "pickbound": [
            0.6443954110145569,
            2.6307148933410645
        ]
    },
    "preview_icon": {},
    "sub_type": "mdx",
    "res_type": "editor_model",
    "import_export_folder_info": "/code_explorer_custom_root_folder_name/\u4eba\u65cf/\u5efa\u7b51"
}