{
    "editor_model": {
        "model_id": 134276910,
        "select_effect_scale": 1.0,
        "describe": "Mdx\\\u897f\u91cc\u8bfa\u514b\u65af",
        "name": "\u897f\u91cc\u8bfa\u514b\u65af",
        "key": 134276910,
        "socket_info": {},
        "size": 1.0,
        "version": 1,
        "sub_type": "mdx",
        "custom_editor_type": "custom_editor_model",
        "uid": "editor_model_134276910",
        "res_type": "kkres",
        "md5": "86c4a01ef094aa022d7872b804ee502a"
    },
    "model": {
        "meshes": [],
        "mdx_path": "Mdx\\\u897f\u91cc\u8bfa\u514b\u65af.mdx",
        "model_id": 134276910,
        "name": "Mdx\\\u897f\u91cc\u8bfa\u514b\u65af",
        "physics_meshes": [
            "custom_editor_model/mdx/AutoPhy_\u897f\u91cc\u8bfa\u514b\u65af.mdx"
        ],
        "mdx_textures": [
            "Textures/BlackDragon",
            "Textures/Shockwave1b",
            "Textures/Tj_BloodSput",
            "ReplaceableTextures/Weather/Clouds8x8"
        ],
        "mdx_sounds": [
            "sound/Units/Creeps/BlackDragon//BlackDragonAttack1.wav",
            "sound/Units/Creeps/AzureDragon//DragonDeath1.wav",
            "sound/Units/Orc/KotoBeast//Devour.wav"
        ],
        "pickbound": [
            1.297134518623352,
            2.096749782562256
        ]
    },
    "preview_icon": {},
    "sub_type": "mdx",
    "res_type": "editor_model",
    "import_export_folder_info": "/code_explorer_custom_root_folder_name/\u4eba\u65cf/\u751f\u7269"
}