{
    "editor_model": {
        "model_id": 134241670,
        "select_effect_scale": 1.0,
        "describe": "Mdx\\\u98ce\u66b4\u796d\u575b",
        "name": "\u98ce\u66b4\u796d\u575b",
        "key": 134241670,
        "socket_info": {},
        "size": 1.0,
        "version": 1,
        "sub_type": "mdx",
        "custom_editor_type": "custom_editor_model",
        "uid": "editor_model_134241670",
        "res_type": "kkres",
        "md5": "0084a46d83335d1f8d4210ff1f21fc41"
    },
    "model": {
        "meshes": [],
        "mdx_path": "Mdx\\\u98ce\u66b4\u796d\u575b.mdx",
        "model_id": 134241670,
        "name": "Mdx\\\u98ce\u66b4\u796d\u575b",
        "physics_meshes": [
            "custom_editor_model/mdx/AutoPhy_\u98ce\u66b4\u796d\u575b.mdx"
        ],
        "mdx_textures": [
            "Textures/Zap1",
            "buildings/Orc/AltarofStorms/AltarofStorms",
            "Textures/Red_Glow2",
            "Textures/OrcBirth",
            "Textures/DeathSmug",
            "Textures/Dust5A",
            "Textures/RockParticle",
            "Textures/SpinningBoard",
            "Textures/CartoonCloud",
            "Textures/Clouds8x8",
            "Textures/Dust3x"
        ],
        "mdx_sounds": [
            "sound/Sound/Buildings/Death//BuildingDeathLargeOrc.wav"
        ],
        "pickbound": [
            1.4521123170852661,
            3.0315310955047607
        ]
    },
    "preview_icon": {},
    "sub_type": "mdx",
    "res_type": "editor_model",
    "import_export_folder_info": "/code_explorer_custom_root_folder_name/\u517d\u65cf/\u5efa\u7b51"
}