{
    "editor_model": {
        "model_id": 134273073,
        "select_effect_scale": 1.0,
        "describe": "Mdx\\\u652f\u67f1",
        "name": "\u652f\u67f1",
        "key": 134273073,
        "socket_info": {},
        "size": 1.0,
        "version": 1,
        "sub_type": "mdx",
        "custom_editor_type": "custom_editor_model",
        "uid": "editor_model_134273073",
        "res_type": "kkres",
        "md5": "eecf401988da45dc3a9a35d475e1673b"
    },
    "model": {
        "meshes": [],
        "mdx_path": "Mdx\\\u652f\u67f1.mdx",
        "model_id": 134273073,
        "name": "Mdx\\\u652f\u67f1",
        "physics_meshes": [
            "custom_editor_model/mdx/AutoPhy_\u652f\u67f1.mdx"
        ],
        "mdx_textures": [
            "doodads/Underground/Terrain/SupportBeam/SupportBeam",
            "Textures/EQ_Rock2",
            "Textures/Dust5A"
        ],
        "mdx_sounds": [],
        "pickbound": [
            0.8347803354263306,
            3.369786024093628
        ]
    },
    "preview_icon": {},
    "sub_type": "mdx",
    "res_type": "editor_model",
    "import_export_folder_info": "/code_explorer_custom_root_folder_name/\u517d\u65cf/\u751f\u7269"
}