{
    "editor_model": {
        "model_id": 134249966,
        "select_effect_scale": 1.0,
        "describe": "Mdx\\\u4f7f\u8005",
        "name": "\u4f7f\u8005",
        "key": 134249966,
        "socket_info": {},
        "size": 1.0,
        "version": 1,
        "sub_type": "mdx",
        "custom_editor_type": "custom_editor_model",
        "uid": "editor_model_134249966",
        "res_type": "kkres",
        "md5": "a6ec1b706a97994b9702c5102da6b5a1"
    },
    "model": {
        "meshes": [],
        "mdx_path": "Mdx\\\u4f7f\u8005.mdx",
        "model_id": 134249966,
        "name": "Mdx\\\u4f7f\u8005",
        "physics_meshes": [
            "custom_editor_model/mdx/AutoPhy_\u4f7f\u8005.mdx"
        ],
        "mdx_textures": [
            "units/Creeps/HumanMage/HumanMage",
            "Textures/gutz",
            "Textures/Yellow_Star_Dim"
        ],
        "mdx_sounds": [
            "sound/Units/Human/Priest//PriestDeath.wav"
        ],
        "pickbound": [
            0.476813942193985,
            1.2236734628677368
        ]
    },
    "preview_icon": {},
    "sub_type": "mdx",
    "res_type": "editor_model",
    "import_export_folder_info": "/code_explorer_custom_root_folder_name/\u4eba\u65cf/\u751f\u7269"
}