{
    "editor_model": {
        "model_id": 134259109,
        "select_effect_scale": 1.0,
        "describe": "Mdx\\\u517d\u65cf\u5730\u6d1e",
        "name": "\u517d\u65cf\u5730\u6d1e",
        "key": 134259109,
        "socket_info": {},
        "size": 1.0,
        "version": 1,
        "sub_type": "mdx",
        "custom_editor_type": "custom_editor_model",
        "uid": "editor_model_134259109",
        "res_type": "kkres",
        "md5": "065619823ee7cff4f5a895dbd4d99477"
    },
    "model": {
        "meshes": [],
        "mdx_path": "Mdx\\\u517d\u65cf\u5730\u6d1e.mdx",
        "model_id": 134259109,
        "name": "Mdx\\\u517d\u65cf\u5730\u6d1e",
        "physics_meshes": [
            "custom_editor_model/mdx/AutoPhy_\u517d\u65cf\u5730\u6d1e.mdx"
        ],
        "mdx_textures": [
            "Textures/Bunker",
            "Textures/DeathSmug",
            "Textures/OrcBirth",
            "Textures/Clouds8x8",
            "Textures/RockParticle",
            "Textures/CartoonCloud",
            "Textures/Dust5A",
            "Textures/Dust3x"
        ],
        "mdx_sounds": [
            "sound/Sound/Buildings/Death//BuildingDeathLargeOrc.wav"
        ],
        "pickbound": [
            1.1672594547271729,
            1.569411039352417
        ]
    },
    "preview_icon": {},
    "sub_type": "mdx",
    "res_type": "editor_model",
    "import_export_folder_info": "/code_explorer_custom_root_folder_name/\u517d\u65cf/\u5efa\u7b51"
}