{
    "editor_model": {
        "model_id": 134234112,
        "select_effect_scale": 1.0,
        "describe": "Mdx\\\u5c0f\u7cbe\u7075",
        "name": "\u5c0f\u7cbe\u7075",
        "key": 134234112,
        "socket_info": {},
        "size": 1.0,
        "version": 1,
        "sub_type": "mdx",
        "custom_editor_type": "custom_editor_model",
        "uid": "editor_model_134234112",
        "res_type": "kkres",
        "md5": "a4a965fc6b4eaab30894d5554b89f8b1"
    },
    "model": {
        "meshes": [],
        "mdx_path": "Mdx\\\u5c0f\u7cbe\u7075.mdx",
        "model_id": 134234112,
        "name": "Mdx\\\u5c0f\u7cbe\u7075",
        "physics_meshes": [
            "custom_editor_model/mdx/AutoPhy_\u5c0f\u7cbe\u7075.mdx"
        ],
        "mdx_textures": [
            "Textures/star2_32",
            "Textures/Shockwave10",
            "Textures/Dust3",
            "ReplaceableTextures/Weather/CloudSingleFlat",
            "Textures/Dust5",
            "Textures/GenericGlow2c"
        ],
        "mdx_sounds": [
            "sound/Units/NightElf/Wisp//WispDeath1.wav"
        ],
        "pickbound": [
            1.210512638092041,
            2.262105941772461
        ]
    },
    "preview_icon": {},
    "sub_type": "mdx",
    "res_type": "editor_model",
    "import_export_folder_info": "/code_explorer_custom_root_folder_name/\u7cbe\u7075\u65cf/\u751f\u7269"
}