{
    "editor_model": {
        "model_id": 134278108,
        "select_effect_scale": 1.0,
        "describe": "Mdx\\\u7f8a",
        "name": "\u7f8a",
        "key": 134278108,
        "socket_info": {},
        "size": 1.0,
        "version": 1,
        "sub_type": "mdx",
        "custom_editor_type": "custom_editor_model",
        "uid": "editor_model_134278108",
        "res_type": "kkres",
        "md5": "674c896a73763426b8fde62750f9e6f2"
    },
    "model": {
        "meshes": [],
        "mdx_path": "Mdx\\\u7f8a.mdx",
        "model_id": 134278108,
        "name": "Mdx\\\u7f8a",
        "physics_meshes": [
            "custom_editor_model/mdx/AutoPhy_\u7f8a.mdx"
        ],
        "mdx_textures": [
            "Textures/SheepA",
            "Textures/WaterWake2",
            "Textures/Dust5A",
            "Textures/WaterWake3"
        ],
        "mdx_sounds": [
            "sound/Units/Critters/Sheep//SheepDeath.wav",
            "sound/Units/Critters/Sheep//SheepDeathSwim1.wav"
        ],
        "pickbound": [
            0.14636050164699554,
            0.3623869717121124
        ]
    },
    "preview_icon": {},
    "sub_type": "mdx",
    "res_type": "editor_model",
    "import_export_folder_info": "/code_explorer_custom_root_folder_name"
}