{
    "editor_model": {
        "model_id": 134278337,
        "select_effect_scale": 1.0,
        "describe": "Mdx\\\u98ce\u4e4b\u53e4\u6811",
        "name": "\u98ce\u4e4b\u53e4\u6811",
        "key": 134278337,
        "socket_info": {},
        "size": 1.0,
        "version": 1,
        "sub_type": "mdx",
        "custom_editor_type": "custom_editor_model",
        "uid": "editor_model_134278337",
        "res_type": "kkres",
        "md5": "3639a65a0ffecd6da2d25ac714583c78"
    },
    "model": {
        "meshes": [],
        "mdx_path": "Mdx\\\u98ce\u4e4b\u53e4\u6811.mdx",
        "model_id": 134278337,
        "name": "Mdx\\\u98ce\u4e4b\u53e4\u6811",
        "physics_meshes": [
            "custom_editor_model/mdx/AutoPhy_\u98ce\u4e4b\u53e4\u6811.mdx"
        ],
        "mdx_textures": [
            "Textures/rootbase",
            "buildings/NightElf/AncientofWind/AncientoftheWind"
        ],
        "mdx_sounds": [
            "sound/Buildings/NightElf/AncientOfTheMoon//AncientOfTheMoonAttack1.wav",
            "sound/Abilities/Spells/NightElf/Root//Root.wav",
            "sound/Abilities/Spells/NightElf/Uproot//Uproot.wav",
            "sound/Sound/Buildings/Death//NightElfBuildingDeathLarge1.wav",
            "sound/Sound/Buildings/Death//AncientUprootDeath1.wav",
            "sound/Abilities/Spells/NightElf/EatTree//EatTreeTarget1.wav",
            "sound/Sound/Units/Footsteps//Step1.wav",
            "sound/Sound/Units/Footsteps//Step1.wav"
        ],
        "pickbound": [
            1.0645649433135986,
            3.054486036300659
        ]
    },
    "preview_icon": {},
    "sub_type": "mdx",
    "res_type": "editor_model",
    "import_export_folder_info": "/code_explorer_custom_root_folder_name/\u7cbe\u7075\u65cf/\u5efa\u7b51"
}