{
    "editor_model": {
        "model_id": 134246813,
        "select_effect_scale": 1.0,
        "describe": "Mdx\\\u9f99\u9e70\u9a91\u58eb",
        "name": "\u9f99\u9e70\u9a91\u58eb",
        "key": 134246813,
        "socket_info": {},
        "size": 1.0,
        "version": 1,
        "sub_type": "mdx",
        "custom_editor_type": "custom_editor_model",
        "uid": "editor_model_134246813",
        "res_type": "kkres",
        "md5": "60ab6dec4fe0659bae892651b56d44f9"
    },
    "model": {
        "meshes": [],
        "mdx_path": "Mdx\\\u9f99\u9e70\u9a91\u58eb.mdx",
        "model_id": 134246813,
        "name": "Mdx\\\u9f99\u9e70\u9a91\u58eb",
        "physics_meshes": [
            "custom_editor_model/mdx/AutoPhy_\u9f99\u9e70\u9a91\u58eb.mdx"
        ],
        "mdx_textures": [
            "units/Human/BloodElfDragonHawk/BloodElfDragonhawk",
            "units/Human/BloodElfDragonHawk/Dragonhawk",
            "Textures/Blue_Glow2",
            "Textures/Blue_Star2"
        ],
        "mdx_sounds": [
            "sound/Units/Creeps/WindSerpent//DragonHawkDeath1.wav"
        ],
        "pickbound": [
            0.9379850625991821,
            1.8328180313110352
        ]
    },
    "preview_icon": {},
    "sub_type": "mdx",
    "res_type": "editor_model",
    "import_export_folder_info": "/code_explorer_custom_root_folder_name/\u4eba\u65cf/\u751f\u7269"
}