{
    "editor_model": {
        "model_id": 134225119,
        "select_effect_scale": 1.0,
        "describe": "Mdx\\\u8feb\u51fb\u70ae\u5c0f\u961f",
        "name": "\u8feb\u51fb\u70ae\u5c0f\u961f",
        "key": 134225119,
        "socket_info": {},
        "size": 1.0,
        "version": 1,
        "sub_type": "mdx",
        "custom_editor_type": "custom_editor_model",
        "uid": "editor_model_134225119",
        "res_type": "kkres",
        "md5": "38f2e9f7f41ec6cbf0176d8ada4789fc"
    },
    "model": {
        "meshes": [],
        "mdx_path": "Mdx\\\u8feb\u51fb\u70ae\u5c0f\u961f.mdx",
        "model_id": 134225119,
        "name": "Mdx\\\u8feb\u51fb\u70ae\u5c0f\u961f",
        "physics_meshes": [
            "custom_editor_model/mdx/AutoPhy_\u8feb\u51fb\u70ae\u5c0f\u961f.mdx"
        ],
        "mdx_textures": [
            "Textures/MortarTeam",
            "Textures/gutz",
            "Textures/Clouds32_anim"
        ],
        "mdx_sounds": [
            "sound/Units/Human/MortarTeam//MortarteamDeath.wav",
            "sound/Units/Human/MortarTeam//MortarTeamAttack1.wav"
        ],
        "pickbound": [
            0.609862744808197,
            0.8025314211845398
        ]
    },
    "preview_icon": {},
    "sub_type": "mdx",
    "res_type": "editor_model",
    "import_export_folder_info": "/code_explorer_custom_root_folder_name/\u4eba\u65cf/\u751f\u7269"
}