{
    "editor_model": {
        "model_id": 134281508,
        "select_effect_scale": 1.0,
        "describe": "Mdx\\sem_ling_mo_ai_zhan_shi",
        "name": "sem_ling_mo_ai_zhan_shi",
        "key": 134281508,
        "socket_info": {},
        "size": 1.0,
        "version": 1,
        "sub_type": "mdx",
        "custom_editor_type": "custom_editor_model",
        "uid": "editor_model_134281508",
        "res_type": "kkres",
        "md5": "94078f33886f3236473ee4dd43ee0e65"
    },
    "model": {
        "meshes": [],
        "mdx_path": "Mdx\\sem_ling_mo_ai_zhan_shi.mdx",
        "model_id": 134281508,
        "name": "Mdx\\sem_ling_mo_ai_zhan_shi",
        "physics_meshes": [
            "custom_editor_model/mdx/AutoPhy_sem_ling_mo_ai_zhan_shi.mdx"
        ],
        "mdx_textures": [
            "war3mapImported/z_tt_se_qq_qun_941442872_sem_ling_mo_ai_zhan_shi_tt1"
        ],
        "mdx_sounds": [],
        "pickbound": [
            0.27138376235961914,
            0.8049297332763672
        ]
    },
    "preview_icon": {},
    "sub_type": "mdx",
    "res_type": "editor_model",
    "import_export_folder_info": "/code_explorer_custom_root_folder_name/\u91cd\u5236\u7248"
}