{
    "editor_model": {
        "model_id": 134267330,
        "select_effect_scale": 1.0,
        "describe": "Mdx\\\u70ae\u5854",
        "name": "\u70ae\u5854",
        "key": 134267330,
        "socket_info": {},
        "size": 1.0,
        "version": 1,
        "sub_type": "mdx",
        "custom_editor_type": "custom_editor_model",
        "uid": "editor_model_134267330",
        "res_type": "kkres",
        "md5": "cca0c3d10c30905c426f8aa2a70630cf"
    },
    "model": {
        "meshes": [],
        "mdx_path": "Mdx\\\u70ae\u5854.mdx",
        "model_id": 134267330,
        "name": "Mdx\\\u70ae\u5854",
        "physics_meshes": [
            "custom_editor_model/mdx/AutoPhy_\u70ae\u5854.mdx"
        ],
        "mdx_textures": [
            "Textures/Tower",
            "Textures/Doodads0",
            "Textures/DeathSmug",
            "Textures/HumanBase",
            "buildings/Human/HumanTower/HumanMagicTower",
            "Textures/Blue_Glow2",
            "Textures/GenericGlow2b",
            "Textures/CloudSingle",
            "Textures/Clouds8x8",
            "Textures/CartoonCloud",
            "Textures/Dust3x",
            "Textures/RockParticle",
            "Textures/SpinningBoard",
            "Textures/Dust5A"
        ],
        "mdx_sounds": [
            "sound/Sound/Buildings/Death//BuildingDeathSmallHuman.wav"
        ],
        "pickbound": [
            1.5906929969787598,
            3.47517991065979
        ]
    },
    "preview_icon": {},
    "sub_type": "mdx",
    "res_type": "editor_model",
    "import_export_folder_info": "/code_explorer_custom_root_folder_name/\u4eba\u65cf/\u5efa\u7b51"
}