{
    "editor_model": {
        "model_id": 134270835,
        "select_effect_scale": 1.0,
        "describe": "Mdx\\\u5251\u58eb",
        "name": "\u5251\u58eb",
        "key": 134270835,
        "socket_info": {},
        "size": 1.0,
        "version": 1,
        "sub_type": "mdx",
        "custom_editor_type": "custom_editor_model",
        "uid": "editor_model_134270835",
        "res_type": "kkres",
        "md5": "04b42f773ebfefbe20e4ec2234190783"
    },
    "model": {
        "meshes": [],
        "mdx_path": "Mdx\\\u5251\u58eb.mdx",
        "model_id": 134270835,
        "name": "Mdx\\\u5251\u58eb",
        "physics_meshes": [
            "custom_editor_model/mdx/AutoPhy_\u5251\u58eb.mdx"
        ],
        "mdx_textures": [
            "units/Human/TheCaptain/TheCaptain",
            "Textures/gutz"
        ],
        "mdx_sounds": [
            "sound/Units/Human/Footman//FootmanDeath.wav"
        ],
        "pickbound": [
            0.3918714225292206,
            1.0997931957244873
        ]
    },
    "preview_icon": {},
    "sub_type": "mdx",
    "res_type": "editor_model",
    "import_export_folder_info": "/code_explorer_custom_root_folder_name/\u4eba\u65cf/\u751f\u7269"
}