{
    "editor_model": {
        "model_id": 134257882,
        "select_effect_scale": 1.0,
        "describe": "Mdx\\\u7cbe\u7075\u4fe1\u4f7f",
        "name": "\u7cbe\u7075\u4fe1\u4f7f",
        "key": 134257882,
        "socket_info": {},
        "size": 1.0,
        "version": 1,
        "sub_type": "mdx",
        "custom_editor_type": "custom_editor_model",
        "uid": "editor_model_134257882",
        "res_type": "kkres",
        "md5": "1620726110039922017b41cbaba579e2"
    },
    "model": {
        "meshes": [],
        "mdx_path": "Mdx\\\u7cbe\u7075\u4fe1\u4f7f.mdx",
        "model_id": 134257882,
        "name": "Mdx\\\u7cbe\u7075\u4fe1\u4f7f",
        "physics_meshes": [
            "custom_editor_model/mdx/AutoPhy_\u7cbe\u7075\u4fe1\u4f7f.mdx"
        ],
        "mdx_textures": [
            "Textures/Watcher",
            "Textures/gutz",
            "Textures/Yellow_Star_Dim"
        ],
        "mdx_sounds": [
            "sound/Units/Creeps/Watcher//WatcherDeath1.wav"
        ],
        "pickbound": [
            0.38369685411453247,
            1.0732840299606323
        ]
    },
    "preview_icon": {},
    "sub_type": "mdx",
    "res_type": "editor_model",
    "import_export_folder_info": "/code_explorer_custom_root_folder_name/\u7cbe\u7075\u65cf/\u751f\u7269"
}