{
    "editor_model": {
        "model_id": 134242059,
        "select_effect_scale": 1.0,
        "describe": "Mdx\\\u6811\u5996",
        "name": "\u6811\u5996",
        "key": 134242059,
        "socket_info": {},
        "size": 1.0,
        "version": 1,
        "sub_type": "mdx",
        "custom_editor_type": "custom_editor_model",
        "uid": "editor_model_134242059",
        "res_type": "kkres",
        "md5": "d58ea26bc4771872dcff1d6d079ad842"
    },
    "model": {
        "meshes": [],
        "mdx_path": "Mdx\\\u6811\u5996.mdx",
        "model_id": 134242059,
        "name": "Mdx\\\u6811\u5996",
        "physics_meshes": [
            "custom_editor_model/mdx/AutoPhy_\u6811\u5996.mdx"
        ],
        "mdx_textures": [
            "units/NightElf/Dryad/Dryad",
            "Textures/gutz",
            "Textures/Dust3x",
            "Textures/Star8b"
        ],
        "mdx_sounds": [
            "sound/Units/NightElf/Dryad//DryadDeath1.wav"
        ],
        "pickbound": [
            0.43166011571884155,
            1.4497015476226807
        ]
    },
    "preview_icon": {},
    "sub_type": "mdx",
    "res_type": "editor_model",
    "import_export_folder_info": "/code_explorer_custom_root_folder_name/\u7cbe\u7075\u65cf/\u751f\u7269"
}