{
    "editor_model": {
        "model_id": 134278686,
        "select_effect_scale": 1.0,
        "describe": "Mdx\\\u9ad8\u7b49\u7cbe\u7075\u519c\u573a1",
        "name": "\u9ad8\u7b49\u7cbe\u7075\u519c\u573a1",
        "key": 134278686,
        "socket_info": {},
        "size": 1.0,
        "version": 1,
        "sub_type": "mdx",
        "custom_editor_type": "custom_editor_model",
        "uid": "editor_model_134278686",
        "res_type": "kkres",
        "md5": "f19117ac5528915ac27c57768efcf918"
    },
    "model": {
        "meshes": [],
        "mdx_path": "Mdx\\\u9ad8\u7b49\u7cbe\u7075\u519c\u573a1.mdx",
        "model_id": 134278686,
        "name": "Mdx\\\u9ad8\u7b49\u7cbe\u7075\u519c\u573a1",
        "physics_meshes": [
            "custom_editor_model/mdx/AutoPhy_\u9ad8\u7b49\u7cbe\u7075\u519c\u573a1.mdx"
        ],
        "mdx_textures": [
            "Textures/ElvenFarm",
            "Textures/Dust5A",
            "Textures/RockParticle",
            "Textures/SpinningBoard",
            "Textures/Clouds8x8Fire",
            "Textures/CartoonCloud",
            "Textures/Dust3x"
        ],
        "mdx_sounds": [
            "sound/Sound/Buildings/Death//BuildingDeathSmallHuman.wav"
        ],
        "pickbound": [
            1.0594645738601685,
            4.224519729614258
        ]
    },
    "preview_icon": {},
    "sub_type": "mdx",
    "res_type": "editor_model",
    "import_export_folder_info": "/code_explorer_custom_root_folder_name/\u4eba\u65cf/\u5efa\u7b51"
}