{
    "SoundPath": "134267113",
    "describe": "",
    "name": "AlchemistDeath",
    "res_name": "AlchemistDeath.wav",
    "key": 134267113,
    "Format": "wav",
    "uid": 134267113,
    "IsCustom": true,
    "version": 1,
    "sub_type": "sound",
    "custom_editor_type": "custom_editor_sound",
    "source": "code_Source_Import",
    "md5": "219edc5d12d241390181af978a683562",
    "res_type": "editor_sound",
    "import_export_folder_info": "/code_explorer_custom_root_folder_name/\u70bc\u91d1\u672f\u58eb"
}