{
    "editor_model": {
        "model_id": 134270858,
        "select_effect_scale": 1.0,
        "describe": "Mdx\\\u6b65\u5175",
        "name": "\u6b65\u5175",
        "key": 134270858,
        "socket_info": {},
        "size": 1.0,
        "version": 1,
        "sub_type": "mdx",
        "custom_editor_type": "custom_editor_model",
        "uid": "editor_model_134270858",
        "res_type": "kkres",
        "md5": "abd3914bdf21a64c92fb48269ecb6275"
    },
    "model": {
        "meshes": [],
        "mdx_path": "Mdx\\\u6b65\u5175.mdx",
        "model_id": 134270858,
        "name": "Mdx\\\u6b65\u5175",
        "physics_meshes": [
            "custom_editor_model/mdx/AutoPhy_\u6b65\u5175.mdx"
        ],
        "mdx_textures": [
            "Textures/Footman",
            "Textures/gutz"
        ],
        "mdx_sounds": [
            "sound/Units/Human/Footman//FootmanDeath.wav"
        ],
        "pickbound": [
            0.3924480080604553,
            0.9935452342033386
        ]
    },
    "preview_icon": {},
    "sub_type": "mdx",
    "res_type": "editor_model",
    "import_export_folder_info": "/code_explorer_custom_root_folder_name/\u4eba\u65cf/\u751f\u7269"
}