{
    "editor_model": {
        "model_id": 134248149,
        "select_effect_scale": 1.0,
        "describe": "Mdx\\sem_cong_lin_shou_wang_zhe",
        "name": "sem_cong_lin_shou_wang_zhe",
        "key": 134248149,
        "socket_info": {},
        "size": 1.0,
        "version": 1,
        "sub_type": "mdx",
        "custom_editor_type": "custom_editor_model",
        "uid": "editor_model_134248149",
        "res_type": "kkres",
        "md5": "b80c0a46e27cfd93ff8ea2529e918af4"
    },
    "model": {
        "meshes": [],
        "mdx_path": "Mdx\\sem_cong_lin_shou_wang_zhe.mdx",
        "model_id": 134248149,
        "name": "Mdx\\sem_cong_lin_shou_wang_zhe",
        "physics_meshes": [
            "custom_editor_model/mdx/AutoPhy_sem_cong_lin_shou_wang_zhe.mdx"
        ],
        "mdx_textures": [
            "war3mapImported/z_tt_se_qq_qun_941442872_ladywood_portrait_tt1",
            "Textures/Star8b"
        ],
        "mdx_sounds": [
            "sound/Units/NightElf/HeroWarden//WardenDeath1.wav",
            "sound/Units/NightElf/HeroWarden//FanOfKnives.wav",
            "sound/Sound/Units/NightElf//NightElfDissipate1.wav",
            "sound/Units/NightElf/HeroWarden//WardenAttackEffort1.wav"
        ],
        "pickbound": [
            1.2035019397735596,
            1.9368128776550293
        ]
    },
    "preview_icon": {},
    "sub_type": "mdx",
    "res_type": "editor_model",
    "import_export_folder_info": "/code_explorer_custom_root_folder_name/\u91cd\u5236\u7248"
}