{
    "editor_model": {
        "model_id": 134279501,
        "select_effect_scale": 1.0,
        "describe": "Mdx\\\u8428\u6ee1\u796d\u53f8",
        "name": "\u8428\u6ee1\u796d\u53f8",
        "key": 134279501,
        "socket_info": {},
        "size": 1.0,
        "version": 1,
        "sub_type": "mdx",
        "custom_editor_type": "custom_editor_model",
        "uid": "editor_model_134279501",
        "res_type": "kkres",
        "md5": "95f4e3cc6fdc2ea043c6806ee507757c"
    },
    "model": {
        "meshes": [],
        "mdx_path": "Mdx\\\u8428\u6ee1\u796d\u53f8.mdx",
        "model_id": 134279501,
        "name": "Mdx\\\u8428\u6ee1\u796d\u53f8",
        "physics_meshes": [
            "custom_editor_model/mdx/AutoPhy_\u8428\u6ee1\u796d\u53f8.mdx"
        ],
        "mdx_textures": [
            "units/Orc/Shaman/Shaman",
            "Textures/gutz",
            "Textures/Star8b"
        ],
        "mdx_sounds": [
            "sound/Units/Orc/Shaman//ShamanDeath.wav"
        ],
        "pickbound": [
            0.47353410720825195,
            1.1007851362228394
        ]
    },
    "preview_icon": {},
    "sub_type": "mdx",
    "res_type": "editor_model",
    "import_export_folder_info": "/code_explorer_custom_root_folder_name/\u517d\u65cf/\u751f\u7269"
}