{
    "editor_model": {
        "model_id": 134270738,
        "select_effect_scale": 1.0,
        "describe": "Mdx\\\u5de5\u7a0b\u5e08\u52a0\u5179\u52b3",
        "name": "\u5de5\u7a0b\u5e08\u52a0\u5179\u52b3",
        "key": 134270738,
        "socket_info": {},
        "size": 1.0,
        "version": 1,
        "sub_type": "mdx",
        "custom_editor_type": "custom_editor_model",
        "uid": "editor_model_134270738",
        "res_type": "kkres",
        "md5": "0048c6b65cd03695e20fa406fd61fb29"
    },
    "model": {
        "meshes": [],
        "mdx_path": "Mdx\\\u5de5\u7a0b\u5e08\u52a0\u5179\u52b3.mdx",
        "model_id": 134270738,
        "name": "Mdx\\\u5de5\u7a0b\u5e08\u52a0\u5179\u52b3",
        "physics_meshes": [
            "custom_editor_model/mdx/AutoPhy_\u5de5\u7a0b\u5e08\u52a0\u5179\u52b3.mdx"
        ],
        "mdx_textures": [
            "units/Creeps/GoblinSapper/GoblinSapper",
            "Textures/Roman1",
            "Textures/gutz",
            "Textures/Sparkle_Anim",
            "Textures/Clouds32_anim"
        ],
        "mdx_sounds": [
            "sound/Units/Creeps/GoblinSapper//SapperBlowsUp.wav",
            "sound/Units/Creeps/GoblinSapper//GoblinSapperDeath1.wav"
        ],
        "pickbound": [
            0.5977767109870911,
            0.788131594657898
        ]
    },
    "preview_icon": {},
    "sub_type": "mdx",
    "res_type": "editor_model",
    "import_export_folder_info": "/code_explorer_custom_root_folder_name/\u517d\u65cf/\u751f\u7269"
}