{
    "editor_model": {
        "model_id": 134270409,
        "select_effect_scale": 1.0,
        "describe": "Mdx\\\u90aa\u6076\u7684\u79d1\u591a\u517d",
        "name": "\u90aa\u6076\u7684\u79d1\u591a\u517d",
        "key": 134270409,
        "socket_info": {},
        "size": 1.0,
        "version": 1,
        "sub_type": "mdx",
        "custom_editor_type": "custom_editor_model",
        "uid": "editor_model_134270409",
        "res_type": "kkres",
        "md5": "7686c2bb83e3f24d416d9bb7ef79663a"
    },
    "model": {
        "meshes": [],
        "mdx_path": "Mdx\\\u90aa\u6076\u7684\u79d1\u591a\u517d.mdx",
        "model_id": 134270409,
        "name": "Mdx\\\u90aa\u6076\u7684\u79d1\u591a\u517d",
        "physics_meshes": [
            "custom_editor_model/mdx/AutoPhy_\u90aa\u6076\u7684\u79d1\u591a\u517d.mdx"
        ],
        "mdx_textures": [
            "units/Demon/ChaosKotoBeast/ChaosKotoBeast",
            "Textures/gutz"
        ],
        "mdx_sounds": [
            "sound/Units/Orc/KotoBeast//KodoDrum1.wav",
            "sound/Units/Orc/KotoBeast//KodoDrum2.wav",
            "sound/Units/Orc/KotoBeast//Devour.wav",
            "sound/Units/Orc/KotoBeast//KodoBeastDeath.wav",
            "sound/Units/Orc/KotoBeast//KodoBeastPuke1.wav",
            "sound/Sound/Units/Footsteps//Step1.wav",
            "sound/Sound/Units/Footsteps//Step1.wav"
        ],
        "pickbound": [
            1.5268803834915161,
            1.997628927230835
        ]
    },
    "preview_icon": {},
    "sub_type": "mdx",
    "res_type": "editor_model",
    "import_export_folder_info": "/code_explorer_custom_root_folder_name/\u517d\u65cf/\u751f\u7269"
}