{
    "editor_model": {
        "model_id": 134243015,
        "select_effect_scale": 1.0,
        "describe": "Mdx\\\u6708\u4e4b\u5973\u796d\u53f8",
        "name": "\u6708\u4e4b\u5973\u796d\u53f8",
        "key": 134243015,
        "socket_info": {},
        "size": 1.0,
        "version": 1,
        "sub_type": "mdx",
        "custom_editor_type": "custom_editor_model",
        "uid": "editor_model_134243015",
        "res_type": "kkres",
        "md5": "0fe48adc6cf46a696a95c7c9e2290759"
    },
    "model": {
        "meshes": [],
        "mdx_path": "Mdx\\\u6708\u4e4b\u5973\u796d\u53f8.mdx",
        "model_id": 134243015,
        "name": "Mdx\\\u6708\u4e4b\u5973\u796d\u53f8",
        "physics_meshes": [
            "custom_editor_model/mdx/AutoPhy_\u6708\u4e4b\u5973\u796d\u53f8.mdx"
        ],
        "mdx_textures": [
            "units/NightElf/HeroMoonPriestess/PriestessOfTheMoon"
        ],
        "mdx_sounds": [
            "sound/Units/NightElf/HeroMoonPriestess//HeroMoonPriestessDeath1.wav",
            "sound/Sound/Units/NightElf//NightElfDissipate1.wav"
        ],
        "pickbound": [
            1.5254054069519043,
            1.514321208000183
        ]
    },
    "preview_icon": {},
    "sub_type": "mdx",
    "res_type": "editor_model",
    "import_export_folder_info": "/code_explorer_custom_root_folder_name/\u7cbe\u7075\u65cf/\u751f\u7269"
}