{
    "SoundPath": "134240361",
    "describe": "",
    "name": "EvilSylvanasYes1",
    "res_name": "EvilSylvanasYes1.wav",
    "key": 134240361,
    "Format": "wav",
    "uid": 134240361,
    "IsCustom": true,
    "version": 1,
    "sub_type": "sound",
    "custom_editor_type": "custom_editor_sound",
    "source": "code_Source_Import",
    "md5": "47b2357dedb58acf12ca0d24fa42cca0",
    "res_type": "editor_sound",
    "import_export_folder_info": "/code_explorer_custom_root_folder_name/\u9ed1\u6697\u6e38\u4fa0"
}