{
    "editor_model": {
        "model_id": 134265299,
        "select_effect_scale": 1.0,
        "describe": "Mdx\\\u77ee\u4eba\u706b\u67aa\u624b",
        "name": "\u77ee\u4eba\u706b\u67aa\u624b",
        "key": 134265299,
        "socket_info": {},
        "size": 1.0,
        "version": 1,
        "sub_type": "mdx",
        "custom_editor_type": "custom_editor_model",
        "uid": "editor_model_134265299",
        "res_type": "kkres",
        "md5": "1e0cf63532a66e19fb734a4d205b4fe3"
    },
    "model": {
        "meshes": [],
        "mdx_path": "Mdx\\\u77ee\u4eba\u706b\u67aa\u624b.mdx",
        "model_id": 134265299,
        "name": "Mdx\\\u77ee\u4eba\u706b\u67aa\u624b",
        "physics_meshes": [
            "custom_editor_model/mdx/AutoPhy_\u77ee\u4eba\u706b\u67aa\u624b.mdx"
        ],
        "mdx_textures": [
            "units/Human/Rifleman/Rifleman",
            "Textures/gutz",
            "Textures/Dust3x",
            "Textures/Flame4"
        ],
        "mdx_sounds": [
            "sound/Units/Human/Rifleman//RiflemanDeath.wav",
            "sound/Units/Human/Rifleman//RiflemanAttack1.wav"
        ],
        "pickbound": [
            0.49261778593063354,
            0.8183708190917969
        ]
    },
    "preview_icon": {},
    "sub_type": "mdx",
    "res_type": "editor_model",
    "import_export_folder_info": "/code_explorer_custom_root_folder_name/\u4eba\u65cf/\u751f\u7269"
}