{
    "editor_model": {
        "model_id": 134255899,
        "select_effect_scale": 1.0,
        "describe": "Mdx\\\u517d\u65cf\u5deb\u5e08",
        "name": "\u517d\u65cf\u5deb\u5e08",
        "key": 134255899,
        "socket_info": {},
        "size": 1.0,
        "version": 1,
        "sub_type": "mdx",
        "custom_editor_type": "custom_editor_model",
        "uid": "editor_model_134255899",
        "res_type": "kkres",
        "md5": "90a8dae0a486d8c618140a43cdd61622"
    },
    "model": {
        "meshes": [],
        "mdx_path": "Mdx\\\u517d\u65cf\u5deb\u5e08.mdx",
        "model_id": 134255899,
        "name": "Mdx\\\u517d\u65cf\u5deb\u5e08",
        "physics_meshes": [
            "custom_editor_model/mdx/AutoPhy_\u517d\u65cf\u5deb\u5e08.mdx"
        ],
        "mdx_textures": [
            "units/Creeps/ChaosWarlockGreen/ChaosGreenWarlock",
            "Textures/Purple_Glow",
            "Textures/LightningBall",
            "Textures/gutz"
        ],
        "mdx_sounds": [
            "sound/Units/Orc/Grunt//GruntDeath.wav"
        ],
        "pickbound": [
            0.4673832654953003,
            1.102142333984375
        ]
    },
    "preview_icon": {},
    "sub_type": "mdx",
    "res_type": "editor_model",
    "import_export_folder_info": "/code_explorer_custom_root_folder_name/\u517d\u65cf/\u751f\u7269"
}