{
    "editor_model": {
        "model_id": 134238616,
        "select_effect_scale": 1.0,
        "describe": "Mdx\\\u5409\u5b89\u5a1c",
        "name": "\u5409\u5b89\u5a1c",
        "key": 134238616,
        "socket_info": {},
        "size": 1.0,
        "version": 1,
        "sub_type": "mdx",
        "custom_editor_type": "custom_editor_model",
        "uid": "editor_model_134238616",
        "res_type": "kkres",
        "md5": "27d51bbcced93b20314319bab501cb86"
    },
    "model": {
        "meshes": [],
        "mdx_path": "Mdx\\\u5409\u5b89\u5a1c.mdx",
        "model_id": 134238616,
        "name": "Mdx\\\u5409\u5b89\u5a1c",
        "physics_meshes": [
            "custom_editor_model/mdx/AutoPhy_\u5409\u5b89\u5a1c.mdx"
        ],
        "mdx_textures": [
            "units/Human/Jaina/Jaina",
            "ReplaceableTextures/Weather/Clouds8x8"
        ],
        "mdx_sounds": [
            "sound/Units/Human/Jaina//JainaOnFootDeath1.wav",
            "sound/Sound/Units/Human//HumanDissipate1.wav"
        ],
        "pickbound": [
            1.47784423828125,
            1.2122606039047241
        ]
    },
    "preview_icon": {},
    "sub_type": "mdx",
    "res_type": "editor_model",
    "import_export_folder_info": "/code_explorer_custom_root_folder_name/\u4eba\u65cf/\u751f\u7269"
}