{
    "editor_model": {
        "model_id": 134236204,
        "select_effect_scale": 1.0,
        "describe": "Mdx\\\u5927\u9b54\u6cd5\u5e08",
        "name": "\u5927\u9b54\u6cd5\u5e08",
        "key": 134236204,
        "socket_info": {},
        "size": 1.0,
        "version": 1,
        "sub_type": "mdx",
        "custom_editor_type": "custom_editor_model",
        "uid": "editor_model_134236204",
        "res_type": "kkres",
        "md5": "d3608830119d3d3259454156b00f1579"
    },
    "model": {
        "meshes": [],
        "mdx_path": "Mdx\\\u5927\u9b54\u6cd5\u5e08.mdx",
        "model_id": 134236204,
        "name": "Mdx\\\u5927\u9b54\u6cd5\u5e08",
        "physics_meshes": [
            "custom_editor_model/mdx/AutoPhy_\u5927\u9b54\u6cd5\u5e08.mdx"
        ],
        "mdx_textures": [
            "units/Human/HeroArchMage/HeroArchmage",
            "ReplaceableTextures/Weather/Clouds8x8",
            "Textures/Dust3x"
        ],
        "mdx_sounds": [
            "sound/Units/Human/HeroArchMage//HeroArchMageDeath.wav",
            "sound/Sound/Units/Human//HumanDissipate1.wav"
        ],
        "pickbound": [
            1.6769800186157227,
            2.222013235092163
        ]
    },
    "preview_icon": {},
    "sub_type": "mdx",
    "res_type": "editor_model",
    "import_export_folder_info": "/code_explorer_custom_root_folder_name/\u4eba\u65cf/\u751f\u7269"
}