{
    "editor_model": {
        "model_id": 134224535,
        "select_effect_scale": 1.0,
        "describe": "Mdx\\\u6697\u591c\u7cbe\u7075\u8239\u575e",
        "name": "\u6697\u591c\u7cbe\u7075\u8239\u575e",
        "key": 134224535,
        "socket_info": {},
        "size": 1.0,
        "version": 1,
        "sub_type": "mdx",
        "custom_editor_type": "custom_editor_model",
        "uid": "editor_model_134224535",
        "res_type": "kkres",
        "md5": "67fa315086eb5e03492b5c6e49c8da77"
    },
    "model": {
        "meshes": [],
        "mdx_path": "Mdx\\\u6697\u591c\u7cbe\u7075\u8239\u575e.mdx",
        "model_id": 134224535,
        "name": "Mdx\\\u6697\u591c\u7cbe\u7075\u8239\u575e",
        "physics_meshes": [
            "custom_editor_model/mdx/AutoPhy_\u6697\u591c\u7cbe\u7075\u8239\u575e.mdx"
        ],
        "mdx_textures": [
            "buildings/NightElf/NightElfShipyard/NightElfShipyard"
        ],
        "mdx_sounds": [
            "sound/Sound/Buildings/Death//NightElfBuildingDeathSmall1.wav"
        ],
        "pickbound": [
            2.017202377319336,
            3.4533421993255615
        ]
    },
    "preview_icon": {},
    "sub_type": "mdx",
    "res_type": "editor_model",
    "import_export_folder_info": "/code_explorer_custom_root_folder_name/\u7cbe\u7075\u65cf/\u5efa\u7b51"
}