{
    "editor_model": {
        "model_id": 134239836,
        "select_effect_scale": 1.0,
        "describe": "Mdx\\\u517d\u65cf\u6b65\u5175",
        "name": "\u517d\u65cf\u6b65\u5175",
        "key": 134239836,
        "socket_info": {},
        "size": 1.0,
        "version": 1,
        "sub_type": "mdx",
        "custom_editor_type": "custom_editor_model",
        "uid": "editor_model_134239836",
        "res_type": "kkres",
        "md5": "be7e438af5e27a94f58c54258fbfcfb3"
    },
    "model": {
        "meshes": [],
        "mdx_path": "Mdx\\\u517d\u65cf\u6b65\u5175.mdx",
        "model_id": 134239836,
        "name": "Mdx\\\u517d\u65cf\u6b65\u5175",
        "physics_meshes": [
            "custom_editor_model/mdx/AutoPhy_\u517d\u65cf\u6b65\u5175.mdx"
        ],
        "mdx_textures": [
            "units/Orc/Grunt/Grunt",
            "Textures/Shockwave_Ice1",
            "Textures/gutz"
        ],
        "mdx_sounds": [
            "sound/Units/Orc/Grunt//BerserkerCaster.wav",
            "sound/Units/Orc/Grunt//GruntDeath.wav"
        ],
        "pickbound": [
            0.5305132865905762,
            1.0468491315841675
        ]
    },
    "preview_icon": {},
    "sub_type": "mdx",
    "res_type": "editor_model",
    "import_export_folder_info": "/code_explorer_custom_root_folder_name/\u517d\u65cf/\u751f\u7269"
}