{
    "editor_model": {
        "model_id": 134264410,
        "select_effect_scale": 1.0,
        "describe": "Mdx\\\u725b\u5934\u4eba\u56fe\u817e",
        "name": "\u725b\u5934\u4eba\u56fe\u817e",
        "key": 134264410,
        "socket_info": {},
        "size": 1.0,
        "version": 1,
        "sub_type": "mdx",
        "custom_editor_type": "custom_editor_model",
        "uid": "editor_model_134264410",
        "res_type": "kkres",
        "md5": "ff7001195a7f7b8ceafea7db3a708e4d"
    },
    "model": {
        "meshes": [],
        "mdx_path": "Mdx\\\u725b\u5934\u4eba\u56fe\u817e.mdx",
        "model_id": 134264410,
        "name": "Mdx\\\u725b\u5934\u4eba\u56fe\u817e",
        "physics_meshes": [
            "custom_editor_model/mdx/AutoPhy_\u725b\u5934\u4eba\u56fe\u817e.mdx"
        ],
        "mdx_textures": [
            "buildings/Orc/TaurenTotem/TaurenTotem",
            "Textures/DeathSmug",
            "Textures/OrcBirth",
            "ReplaceableTextures/Weather/Clouds8x8",
            "Textures/RockParticle",
            "Textures/CartoonCloud",
            "Textures/Dust5A",
            "Textures/Dust3x"
        ],
        "mdx_sounds": [
            "sound/Sound/Buildings/Death//OrcBuildingDeathSmall1.wav"
        ],
        "pickbound": [
            1.4538342952728271,
            3.1423797607421875
        ]
    },
    "preview_icon": {},
    "sub_type": "mdx",
    "res_type": "editor_model",
    "import_export_folder_info": "/code_explorer_custom_root_folder_name/\u517d\u65cf/\u5efa\u7b51"
}