{
    "editor_model": {
        "model_id": 134248666,
        "select_effect_scale": 1.0,
        "describe": "Mdx\\\u955c\u50cf",
        "name": "\u955c\u50cf",
        "key": 134248666,
        "socket_info": {},
        "size": 1.0,
        "version": 1,
        "sub_type": "mdx",
        "custom_editor_type": "custom_editor_model",
        "uid": "editor_model_134248666",
        "res_type": "kkres",
        "md5": "f01f25a502ae0e7269c7a919b97b5209"
    },
    "model": {
        "meshes": [],
        "mdx_path": "Mdx\\\u955c\u50cf.mdx",
        "model_id": 134248666,
        "name": "Mdx\\\u955c\u50cf",
        "physics_meshes": [
            "custom_editor_model/mdx/AutoPhy_\u955c\u50cf.mdx"
        ],
        "mdx_textures": [
            "Textures/HeroBladeMaster",
            "Textures/Yellow_Star"
        ],
        "mdx_sounds": [
            "sound/Abilities/Spells/Orc/MirrorImage//MirrorImage.wav"
        ],
        "pickbound": [
            0.28450626134872437,
            1.6906118392944336
        ]
    },
    "preview_icon": {},
    "sub_type": "mdx",
    "res_type": "editor_model",
    "import_export_folder_info": "/code_explorer_custom_root_folder_name"
}