{
    "editor_model": {
        "model_id": 134219475,
        "select_effect_scale": 1.0,
        "describe": "Mdx\\sem_xue_xing_nv_wang",
        "name": "sem_xue_xing_nv_wang",
        "key": 134219475,
        "socket_info": {},
        "size": 1.0,
        "version": 1,
        "sub_type": "mdx",
        "custom_editor_type": "custom_editor_model",
        "uid": "editor_model_134219475",
        "res_type": "kkres",
        "md5": "feea67d7dc390bb18e6e933da8f59b1c"
    },
    "model": {
        "meshes": [],
        "mdx_path": "Mdx\\sem_xue_xing_nv_wang.mdx",
        "model_id": 134219475,
        "name": "Mdx\\sem_xue_xing_nv_wang",
        "physics_meshes": [
            "custom_editor_model/mdx/AutoPhy_sem_xue_xing_nv_wang.mdx"
        ],
        "mdx_textures": [
            "war3mapImported/z_tt_se_qq_qun_941442872_sem_xue_xing_nv_wang_tt1",
            "war3mapImported/z_tt_se_qq_qun_941442872_sem_xue_xing_nv_wang_tt2",
            "war3mapImported/z_tt_se_qq_qun_941442872_sem_xue_xing_nv_wang_tt3",
            "war3mapImported/z_tt_se_qq_qun_941442872_sem_xue_xing_nv_wang_tt4",
            "Textures/Dust3"
        ],
        "mdx_sounds": [],
        "pickbound": [
            0.19555838406085968,
            0.982441246509552
        ]
    },
    "preview_icon": {},
    "sub_type": "mdx",
    "res_type": "editor_model",
    "import_export_folder_info": "/code_explorer_custom_root_folder_name/\u91cd\u5236\u7248"
}