{
    "editor_model": {
        "model_id": 134259765,
        "select_effect_scale": 1.0,
        "describe": "Mdx\\\u9e70\u89d2\u517d",
        "name": "\u9e70\u89d2\u517d",
        "key": 134259765,
        "socket_info": {},
        "size": 1.0,
        "version": 1,
        "sub_type": "mdx",
        "custom_editor_type": "custom_editor_model",
        "uid": "editor_model_134259765",
        "res_type": "kkres",
        "md5": "8561eaaf1ae67dcc95e30e11a459a4ed"
    },
    "model": {
        "meshes": [],
        "mdx_path": "Mdx\\\u9e70\u89d2\u517d.mdx",
        "model_id": 134259765,
        "name": "Mdx\\\u9e70\u89d2\u517d",
        "physics_meshes": [
            "custom_editor_model/mdx/AutoPhy_\u9e70\u89d2\u517d.mdx"
        ],
        "mdx_textures": [
            "Textures/hippogryph",
            "Textures/Shockwave1b"
        ],
        "mdx_sounds": [
            "sound/Units/NightElf/HippoGryph//HippogryphDeath1.wav"
        ],
        "pickbound": [
            0.9525265097618103,
            1.7708120346069336
        ]
    },
    "preview_icon": {},
    "sub_type": "mdx",
    "res_type": "editor_model",
    "import_export_folder_info": "/code_explorer_custom_root_folder_name/\u7cbe\u7075\u65cf/\u751f\u7269"
}