{
    "SoundPath": "134273016",
    "describe": "",
    "name": "\u590d\u6d3b",
    "res_name": "\u590d\u6d3b.wav",
    "key": 134273016,
    "Format": "wav",
    "uid": 134273016,
    "IsCustom": true,
    "version": 1,
    "sub_type": "sound",
    "custom_editor_type": "custom_editor_sound",
    "source": "code_Source_Import",
    "md5": "6396acdf44719766416fe9b376348340",
    "res_type": "editor_sound",
    "import_export_folder_info": "/code_explorer_custom_root_folder_name/\u7279\u6548"
}