{
    "editor_model": {
        "model_id": 134264124,
        "select_effect_scale": 1.0,
        "describe": "Mdx\\\u6c34\u5143\u7d20",
        "name": "\u6c34\u5143\u7d20",
        "key": 134264124,
        "socket_info": {},
        "size": 1.0,
        "version": 1,
        "sub_type": "mdx",
        "custom_editor_type": "custom_editor_model",
        "uid": "editor_model_134264124",
        "res_type": "kkres",
        "md5": "c2c8af47de44bd349445d447f89a4642"
    },
    "model": {
        "meshes": [],
        "mdx_path": "Mdx\\\u6c34\u5143\u7d20.mdx",
        "model_id": 134264124,
        "name": "Mdx\\\u6c34\u5143\u7d20",
        "physics_meshes": [
            "custom_editor_model/mdx/AutoPhy_\u6c34\u5143\u7d20.mdx"
        ],
        "mdx_textures": [
            "Textures/Lords0000",
            "Textures/Lords0001",
            "Textures/Lords0002",
            "Textures/Lords0003",
            "Textures/Lords0004",
            "Textures/Lords0005",
            "Textures/Lords0006",
            "Textures/Lords0007",
            "Textures/ShockwaveWater1",
            "Textures/RibbonBlur1",
            "Textures/WaterBlobs1"
        ],
        "mdx_sounds": [
            "sound/Units/Human/WaterElemental//WaterElementalDeath.wav",
            "sound/Units/Human/WaterElemental//SummonWaterElementalCaster.wav"
        ],
        "pickbound": [
            0.5389390587806702,
            1.4670140743255615
        ]
    },
    "preview_icon": {},
    "sub_type": "mdx",
    "res_type": "editor_model",
    "import_export_folder_info": "/code_explorer_custom_root_folder_name/\u4eba\u65cf/\u751f\u7269"
}