{
    "editor_model": {
        "model_id": 134277259,
        "select_effect_scale": 1.0,
        "describe": "Mdx\\\u7075\u9b42\u884c\u8005",
        "name": "\u7075\u9b42\u884c\u8005",
        "key": 134277259,
        "socket_info": {},
        "size": 1.0,
        "version": 1,
        "sub_type": "mdx",
        "custom_editor_type": "custom_editor_model",
        "uid": "editor_model_134277259",
        "res_type": "kkres",
        "md5": "af51f03ece8902a272f94cc865013a16"
    },
    "model": {
        "meshes": [],
        "mdx_path": "Mdx\\\u7075\u9b42\u884c\u8005.mdx",
        "model_id": 134277259,
        "name": "Mdx\\\u7075\u9b42\u884c\u8005",
        "physics_meshes": [
            "custom_editor_model/mdx/AutoPhy_\u7075\u9b42\u884c\u8005.mdx"
        ],
        "mdx_textures": [
            "units/Orc/SpiritWalker/TaurenSpiritWalker",
            "Textures/gutz",
            "Textures/RibbonBlur1",
            "Textures/Dust5"
        ],
        "mdx_sounds": [
            "sound/Units/Orc/HeroTaurenChieftain//HeroTaurenChieftainDeath.wav",
            "sound/Units/Orc/HeroTaurenChieftain//HeroTaurenChieftainAttack1.wav",
            "sound/Sound/Units/Orc//OrcDissipate1.wav",
            "sound/Sound/Units/Footsteps//Step1.wav",
            "sound/Sound/Units/Footsteps//Step1.wav",
            "sound/Units/Orc/HeroTaurenChieftain//WarStompBirth1.wav"
        ],
        "pickbound": [
            0.6806457042694092,
            1.453170657157898
        ]
    },
    "preview_icon": {},
    "sub_type": "mdx",
    "res_type": "editor_model",
    "import_export_folder_info": "/code_explorer_custom_root_folder_name/\u517d\u65cf/\u751f\u7269"
}