{
    "editor_model": {
        "model_id": 134259598,
        "select_effect_scale": 1.0,
        "describe": "Mdx\\\u963f\u5c14\u585e\u65af\u971c\u4e4b\u54c0\u4f24",
        "name": "\u963f\u5c14\u585e\u65af\u971c\u4e4b\u54c0\u4f24",
        "key": 134259598,
        "socket_info": {},
        "size": 1.0,
        "version": 1,
        "sub_type": "mdx",
        "custom_editor_type": "custom_editor_model",
        "uid": "editor_model_134259598",
        "res_type": "kkres",
        "md5": "d1c829f71a6af243cc8d8a4d63ce8478"
    },
    "model": {
        "meshes": [],
        "mdx_path": "Mdx\\\u963f\u5c14\u585e\u65af\u971c\u4e4b\u54c0\u4f24.mdx",
        "model_id": 134259598,
        "name": "Mdx\\\u963f\u5c14\u585e\u65af\u971c\u4e4b\u54c0\u4f24",
        "physics_meshes": [
            "custom_editor_model/mdx/AutoPhy_\u963f\u5c14\u585e\u65af\u971c\u4e4b\u54c0\u4f24.mdx"
        ],
        "mdx_textures": [
            "Textures/Arthas",
            "Textures/FrostmMourne",
            "Textures/RibbonBlur1"
        ],
        "mdx_sounds": [
            "sound/Units/Human/HeroPaladin//HeroPaladinDeath.wav",
            "sound/Units/Human/HeroPaladin//HeroPaladinAttack1.wav",
            "sound/Units/Human/HeroPaladin//HeroPaladinAttack2.wav",
            "sound/Sound/Units/Human//HumanDissipate1.wav"
        ],
        "pickbound": [
            1.752427339553833,
            1.5381875038146973
        ]
    },
    "preview_icon": {},
    "sub_type": "mdx",
    "res_type": "editor_model",
    "import_export_folder_info": "/code_explorer_custom_root_folder_name/\u4eba\u65cf/\u751f\u7269"
}