{
    "editor_model": {
        "model_id": 134225878,
        "select_effect_scale": 1.0,
        "describe": "Mdx\\\u8840\u6d74\u4e4b\u6cc9",
        "name": "\u8840\u6d74\u4e4b\u6cc9",
        "key": 134225878,
        "socket_info": {},
        "size": 1.0,
        "version": 1,
        "sub_type": "mdx",
        "custom_editor_type": "custom_editor_model",
        "uid": "editor_model_134225878",
        "res_type": "kkres",
        "md5": "eaa5fd07c176f49fb7c713cd5495d260"
    },
    "model": {
        "meshes": [],
        "mdx_path": "Mdx\\\u8840\u6d74\u4e4b\u6cc9.mdx",
        "model_id": 134225878,
        "name": "Mdx\\\u8840\u6d74\u4e4b\u6cc9",
        "physics_meshes": [
            "custom_editor_model/mdx/AutoPhy_\u8840\u6d74\u4e4b\u6cc9.mdx"
        ],
        "mdx_textures": [
            "buildings/Other/FountainOfLifeBlood/FountainOfLifeBlood",
            "Textures/FountainOfLife",
            "buildings/Other/FountainOfLifeBlood/FlareBlood",
            "Textures/BackGround",
            "Textures/CloudSingle"
        ],
        "mdx_sounds": [],
        "pickbound": [
            2.138946056365967,
            2.809904098510742
        ]
    },
    "preview_icon": {},
    "sub_type": "mdx",
    "res_type": "editor_model",
    "import_export_folder_info": "/code_explorer_custom_root_folder_name/\u517d\u65cf/\u5efa\u7b51"
}