{
    "editor_model": {
        "model_id": 134253936,
        "select_effect_scale": 1.0,
        "describe": "Mdx\\sem_lang_ren_T_1_1_si_wang_qi_shi",
        "name": "sem_lang_ren_T_1_1_si_wang_qi_shi",
        "key": 134253936,
        "socket_info": {},
        "size": 1.0,
        "version": 1,
        "sub_type": "mdx",
        "custom_editor_type": "custom_editor_model",
        "uid": "editor_model_134253936",
        "res_type": "kkres",
        "md5": "e80c0a99e4b14432bca366a5c0bbff0b"
    },
    "model": {
        "meshes": [],
        "mdx_path": "Mdx\\sem_lang_ren_T_1_1_si_wang_qi_shi.mdx",
        "model_id": 134253936,
        "name": "Mdx\\sem_lang_ren_T_1_1_si_wang_qi_shi",
        "physics_meshes": [
            "custom_editor_model/mdx/AutoPhy_sem_lang_ren_T_1_1_si_wang_qi_shi.mdx"
        ],
        "mdx_textures": [
            "war3mapImported/z_tt_se_qq_qun_941442872_sem_lang_ren_t_1_1_si_wang_qi_shi_tt1",
            "war3mapImported/z_tt_se_qq_qun_941442872_sem_lang_ren_t_1_1_si_wang_qi_shi_tt2",
            "war3mapImported/z_tt_se_qq_qun_941442872_sem_lang_ren_t_1_1_si_wang_qi_shi_tt3",
            "Textures/GenericGlow64",
            "war3mapImported/z_tt_se_qq_qun_941442872_sem_lang_ren_t_1_1_si_wang_qi_shi_tt4",
            "war3mapImported/z_tt_se_qq_qun_941442872_sem_lang_ren_t_1_1_si_wang_qi_shi_tt5",
            "war3mapImported/z_tt_se_qq_qun_941442872_sem_lang_ren_t_1_1_si_wang_qi_shi_tt6",
            "war3mapImported/z_tt_se_qq_qun_941442872_sem_lang_ren_t_1_1_si_wang_qi_shi_tt7",
            "war3mapImported/z_tt_se_qq_qun_941442872_sem_lang_ren_t_1_1_si_wang_qi_shi_tt8"
        ],
        "mdx_sounds": [],
        "pickbound": [
            0.4814067482948303,
            1.7509105205535889
        ]
    },
    "preview_icon": {},
    "sub_type": "mdx",
    "res_type": "editor_model",
    "import_export_folder_info": "/code_explorer_custom_root_folder_name/\u91cd\u5236\u7248"
}