{
    "editor_model": {
        "model_id": 134280563,
        "select_effect_scale": 1.0,
        "describe": "Mdx\\\u5148\u77e5",
        "name": "\u5148\u77e5",
        "key": 134280563,
        "socket_info": {},
        "size": 1.0,
        "version": 1,
        "sub_type": "mdx",
        "custom_editor_type": "custom_editor_model",
        "uid": "editor_model_134280563",
        "res_type": "kkres",
        "md5": "3ed842e3197f00f07569ee0f1a7a43cd"
    },
    "model": {
        "meshes": [],
        "mdx_path": "Mdx\\\u5148\u77e5.mdx",
        "model_id": 134280563,
        "name": "Mdx\\\u5148\u77e5",
        "physics_meshes": [
            "custom_editor_model/mdx/AutoPhy_\u5148\u77e5.mdx"
        ],
        "mdx_textures": [
            "units/Orc/HeroFarseer/HeroFarseer",
            "Textures/LightningBall",
            "Textures/Dust3x"
        ],
        "mdx_sounds": [
            "sound/Units/Orc/HeroFarSeer//HeroFarSeerDeath1.wav",
            "sound/Sound/Units/Orc//OrcDissipate1.wav"
        ],
        "pickbound": [
            1.919552206993103,
            2.3093135356903076
        ]
    },
    "preview_icon": {},
    "sub_type": "mdx",
    "res_type": "editor_model",
    "import_export_folder_info": "/code_explorer_custom_root_folder_name/\u517d\u65cf/\u751f\u7269"
}