{
    "editor_model": {
        "model_id": 134261344,
        "select_effect_scale": 1.0,
        "describe": "Mdx\\\u5de8\u9b54\u730e\u5934\u8005",
        "name": "\u5de8\u9b54\u730e\u5934\u8005",
        "key": 134261344,
        "socket_info": {},
        "size": 1.0,
        "version": 1,
        "sub_type": "mdx",
        "custom_editor_type": "custom_editor_model",
        "uid": "editor_model_134261344",
        "res_type": "kkres",
        "md5": "27700435a7a13283ce01137e468087b7"
    },
    "model": {
        "meshes": [],
        "mdx_path": "Mdx\\\u5de8\u9b54\u730e\u5934\u8005.mdx",
        "model_id": 134261344,
        "name": "Mdx\\\u5de8\u9b54\u730e\u5934\u8005",
        "physics_meshes": [
            "custom_editor_model/mdx/AutoPhy_\u5de8\u9b54\u730e\u5934\u8005.mdx"
        ],
        "mdx_textures": [
            "Textures/Headhunter",
            "Textures/gutz",
            "units/Orc/HeadHunter/OrcBloodTailParticle0",
            "units/Orc/HeadHunter/OrcBloodTailParticle3",
            "units/Orc/HeadHunter/OrcBloodTailParticle1",
            "units/Orc/HeadHunter/OrcBloodTailParticle2"
        ],
        "mdx_sounds": [
            "sound/Units/Orc/HeadHunter//HeadHunterDeath.wav"
        ],
        "pickbound": [
            0.5703340768814087,
            1.1008566617965698
        ]
    },
    "preview_icon": {},
    "sub_type": "mdx",
    "res_type": "editor_model",
    "import_export_folder_info": "/code_explorer_custom_root_folder_name/\u517d\u65cf/\u751f\u7269"
}