{
    "editor_model": {
        "model_id": 134281603,
        "select_effect_scale": 1.0,
        "describe": "Mdx\\\u9ad8\u7b49\u7cbe\u7075\u9632\u5fa1\u5854",
        "name": "\u9ad8\u7b49\u7cbe\u7075\u9632\u5fa1\u5854",
        "key": 134281603,
        "socket_info": {},
        "size": 1.0,
        "version": 1,
        "sub_type": "mdx",
        "custom_editor_type": "custom_editor_model",
        "uid": "editor_model_134281603",
        "res_type": "kkres",
        "md5": "8176239bb18dfeac86921a62ba2c887b"
    },
    "model": {
        "meshes": [],
        "mdx_path": "Mdx\\\u9ad8\u7b49\u7cbe\u7075\u9632\u5fa1\u5854.mdx",
        "model_id": 134281603,
        "name": "Mdx\\\u9ad8\u7b49\u7cbe\u7075\u9632\u5fa1\u5854",
        "physics_meshes": [
            "custom_editor_model/mdx/AutoPhy_\u9ad8\u7b49\u7cbe\u7075\u9632\u5fa1\u5854.mdx"
        ],
        "mdx_textures": [
            "Textures/DeathSmug",
            "Textures/ElvenGuardTower",
            "Textures/GenericGlow2b",
            "Textures/CloudSingle",
            "ReplaceableTextures/Weather/Clouds8x8",
            "Textures/CartoonCloud",
            "Textures/Dust3x",
            "Textures/Dust5A",
            "Textures/RockParticle",
            "Textures/SpinningBoard"
        ],
        "mdx_sounds": [
            "sound/Sound/Buildings/Death//BuildingDeathSmallHuman.wav"
        ],
        "pickbound": [
            0.7200044393539429,
            4.124526023864746
        ]
    },
    "preview_icon": {},
    "sub_type": "mdx",
    "res_type": "editor_model",
    "import_export_folder_info": "/code_explorer_custom_root_folder_name/\u4eba\u65cf/\u5efa\u7b51"
}