{
    "editor_model": {
        "model_id": 134245301,
        "select_effect_scale": 1.0,
        "describe": "Mdx\\\u9ad8\u7b49\u7cbe\u7075\u5175\u8425",
        "name": "\u9ad8\u7b49\u7cbe\u7075\u5175\u8425",
        "key": 134245301,
        "socket_info": {},
        "size": 1.0,
        "version": 1,
        "sub_type": "mdx",
        "custom_editor_type": "custom_editor_model",
        "uid": "editor_model_134245301",
        "res_type": "kkres",
        "md5": "5420ab5aceb1b12d9cc66d68281788c4"
    },
    "model": {
        "meshes": [],
        "mdx_path": "Mdx\\\u9ad8\u7b49\u7cbe\u7075\u5175\u8425.mdx",
        "model_id": 134245301,
        "name": "Mdx\\\u9ad8\u7b49\u7cbe\u7075\u5175\u8425",
        "physics_meshes": [
            "custom_editor_model/mdx/AutoPhy_\u9ad8\u7b49\u7cbe\u7075\u5175\u8425.mdx"
        ],
        "mdx_textures": [
            "buildings/Other/MageTower/TowerOfTheSun",
            "Textures/Doodads0",
            "Textures/HumanBase",
            "ReplaceableTextures/Weather/Clouds8x8",
            "Textures/Dust5A",
            "Textures/CartoonCloud",
            "Textures/Dust3x",
            "Textures/RockParticle",
            "Textures/SpinningBoard",
            "Textures/Yellow_Star_Dim",
            "Textures/CloudSingle"
        ],
        "mdx_sounds": [
            "sound/Sound/Buildings/Death//BuildingDeathLargeHuman.wav"
        ],
        "pickbound": [
            1.538691759109497,
            3.819769859313965
        ]
    },
    "preview_icon": {},
    "sub_type": "mdx",
    "res_type": "editor_model",
    "import_export_folder_info": "/code_explorer_custom_root_folder_name/\u4eba\u65cf/\u5efa\u7b51"
}