{
    "editor_model": {
        "model_id": 134232140,
        "select_effect_scale": 1.0,
        "describe": "Mdx\\\u8981\u585e",
        "name": "\u8981\u585e",
        "key": 134232140,
        "socket_info": {},
        "size": 1.0,
        "version": 1,
        "sub_type": "mdx",
        "custom_editor_type": "custom_editor_model",
        "uid": "editor_model_134232140",
        "res_type": "kkres",
        "md5": "ecf16e9f041626224f152a7366ac244c"
    },
    "model": {
        "meshes": [],
        "mdx_path": "Mdx\\\u8981\u585e.mdx",
        "model_id": 134232140,
        "name": "Mdx\\\u8981\u585e",
        "physics_meshes": [
            "custom_editor_model/mdx/AutoPhy_\u8981\u585e.mdx"
        ],
        "mdx_textures": [
            "buildings/Orc/GreatHall/Stronghold",
            "buildings/Orc/GreatHall/GreatHall",
            "Textures/Base",
            "Textures/DeathSmug",
            "Textures/OrcBirth",
            "Textures/Shockwave1",
            "ReplaceableTextures/Weather/Clouds8x8",
            "Textures/RockParticle",
            "Textures/CartoonCloud",
            "Textures/Dust5A",
            "Textures/Dust3x",
            "Textures/SpinningBoard",
            "Textures/Yellow_Glow"
        ],
        "mdx_sounds": [
            "sound/Sound/Buildings/Death//BuildingDeathLargeOrc.wav"
        ],
        "pickbound": [
            2.507885456085205,
            5.670229911804199
        ]
    },
    "preview_icon": {},
    "sub_type": "mdx",
    "res_type": "editor_model",
    "import_export_folder_info": "/code_explorer_custom_root_folder_name/\u517d\u65cf/\u5efa\u7b51"
}