{
    "editor_model": {
        "model_id": 134250891,
        "select_effect_scale": 1.0,
        "describe": "Mdx\\sem_bing_shuang_ju_long",
        "name": "sem_bing_shuang_ju_long",
        "key": 134250891,
        "socket_info": {},
        "size": 1.0,
        "version": 1,
        "sub_type": "mdx",
        "custom_editor_type": "custom_editor_model",
        "uid": "editor_model_134250891",
        "res_type": "kkres",
        "md5": "00f64a045774076b199f50f7d53cc5c1"
    },
    "model": {
        "meshes": [],
        "mdx_path": "Mdx\\sem_bing_shuang_ju_long.mdx",
        "model_id": 134250891,
        "name": "Mdx\\sem_bing_shuang_ju_long",
        "physics_meshes": [
            "custom_editor_model/mdx/AutoPhy_sem_bing_shuang_ju_long.mdx"
        ],
        "mdx_textures": [
            "war3mapImported/z_tt_se_qq_qun_941442872_sem_dai_wen_rui_er_nan_jue_tt5",
            "war3mapImported/z_tt_se_qq_qun_941442872_sem_bing_shuang_ju_long_tt1",
            "war3mapImported/z_tt_se_qq_qun_941442872_sem_bing_shuang_ju_long_tt2",
            "war3mapImported/z_tt_se_qq_qun_941442872_sem_bing_shuang_ju_long_tt3",
            "war3mapImported/z_tt_se_qq_qun_941442872_sem_bing_shuang_ju_long_tt4",
            "war3mapImported/z_tt_se_qq_qun_941442872_sem_bing_shuang_ju_long_tt5",
            "war3mapImported/z_tt_se_qq_qun_941442872_sem_bing_shuang_ju_long_tt6",
            "war3mapImported/z_tt_se_qq_qun_941442872_sem_bing_shuang_ju_long_tt7",
            "war3mapImported/z_tt_se_qq_qun_941442872_sem_bing_shuang_ju_long_tt8"
        ],
        "mdx_sounds": [
            "sound/Units/Undead/FrostWyrm//FrostwyrmAttack1.wav",
            "sound/Units/Creeps/AzureDragon//DragonDeath1.wav"
        ],
        "pickbound": [
            2.7615513801574707,
            5.183530330657959
        ]
    },
    "preview_icon": {},
    "sub_type": "mdx",
    "res_type": "editor_model",
    "import_export_folder_info": "/code_explorer_custom_root_folder_name/\u91cd\u5236\u7248"
}