{
    "editor_model": {
        "model_id": 134281600,
        "select_effect_scale": 1.0,
        "describe": "Mdx\\\u5c97\u54e8\u5b88\u536b",
        "name": "\u5c97\u54e8\u5b88\u536b",
        "key": 134281600,
        "socket_info": {},
        "size": 1.0,
        "version": 1,
        "sub_type": "mdx",
        "custom_editor_type": "custom_editor_model",
        "uid": "editor_model_134281600",
        "res_type": "kkres",
        "md5": "320f7984d1918c53ad7cd3d8dbce85f5"
    },
    "model": {
        "meshes": [],
        "mdx_path": "Mdx\\\u5c97\u54e8\u5b88\u536b.mdx",
        "model_id": 134281600,
        "name": "Mdx\\\u5c97\u54e8\u5b88\u536b",
        "physics_meshes": [
            "custom_editor_model/mdx/AutoPhy_\u5c97\u54e8\u5b88\u536b.mdx"
        ],
        "mdx_textures": [
            "units/Orc/SentryWard/Eye3",
            "Textures/Wards1",
            "units/Orc/SentryWard/Smoke1_anim128",
            "Textures/Dust5A"
        ],
        "mdx_sounds": [
            "sound/Units/Orc/SentryWard//SentryWard.wav",
            "sound/Units/Orc/SentryWard//SentryWardDeath1.wav"
        ],
        "pickbound": [
            0.2221328467130661,
            1.2022358179092407
        ]
    },
    "preview_icon": {},
    "sub_type": "mdx",
    "res_type": "editor_model",
    "import_export_folder_info": "/code_explorer_custom_root_folder_name/\u517d\u65cf/\u751f\u7269"
}