{
    "editor_model": {
        "model_id": 134269648,
        "select_effect_scale": 1.0,
        "describe": "Mdx\\\u4f10\u6728\u573a",
        "name": "\u4f10\u6728\u573a",
        "key": 134269648,
        "socket_info": {},
        "size": 1.0,
        "version": 1,
        "sub_type": "mdx",
        "custom_editor_type": "custom_editor_model",
        "uid": "editor_model_134269648",
        "res_type": "kkres",
        "md5": "e1a11bece6a13d40d4afbe344cc04fa9"
    },
    "model": {
        "meshes": [],
        "mdx_path": "Mdx\\\u4f10\u6728\u573a.mdx",
        "model_id": 134269648,
        "name": "Mdx\\\u4f10\u6728\u573a",
        "physics_meshes": [
            "custom_editor_model/mdx/AutoPhy_\u4f10\u6728\u573a.mdx"
        ],
        "mdx_textures": [
            "buildings/Human/HumanLumberMill/HumanLumberMill",
            "Textures/Doodads0",
            "Textures/HumanBase",
            "Textures/DeathSmug",
            "Textures/CloudSingle",
            "Textures/white",
            "Textures/Flame4",
            "Textures/Clouds8x8Black",
            "Textures/RockParticle",
            "Textures/SpinningBoard",
            "Textures/Dust5A",
            "Textures/CartoonCloud",
            "ReplaceableTextures/Weather/Clouds8x8",
            "Textures/Dust3x"
        ],
        "mdx_sounds": [
            "sound/Sound/Buildings/Death//BuildingDeathSmallHuman.wav"
        ],
        "pickbound": [
            1.6157079935073853,
            3.2376511096954346
        ]
    },
    "preview_icon": {},
    "sub_type": "mdx",
    "res_type": "editor_model",
    "import_export_folder_info": "/code_explorer_custom_root_folder_name/\u4eba\u65cf/\u5efa\u7b51"
}