{
    "editor_model": {
        "model_id": 134274567,
        "select_effect_scale": 1.0,
        "describe": "Mdx\\sem_man_chui_zhan_shi",
        "name": "sem_man_chui_zhan_shi",
        "key": 134274567,
        "socket_info": {},
        "size": 1.0,
        "version": 1,
        "sub_type": "mdx",
        "custom_editor_type": "custom_editor_model",
        "uid": "editor_model_134274567",
        "res_type": "kkres",
        "md5": "d4c75921572dfe658e95eec6e53195ed"
    },
    "model": {
        "meshes": [],
        "mdx_path": "Mdx\\sem_man_chui_zhan_shi.mdx",
        "model_id": 134274567,
        "name": "Mdx\\sem_man_chui_zhan_shi",
        "physics_meshes": [
            "custom_editor_model/mdx/AutoPhy_sem_man_chui_zhan_shi.mdx"
        ],
        "mdx_textures": [
            "war3mapImported/z_tt_se_qq_qun_941442872_sem_man_chui_zhan_shi_tt1",
            "war3mapImported/z_tt_se_qq_qun_941442872_sem_man_chui_zhan_shi_tt2",
            "war3mapImported/z_tt_se_qq_qun_941442872_sem_man_chui_zhan_shi_tt3",
            "war3mapImported/z_tt_se_qq_qun_941442872_sem_man_chui_zhan_shi_tt4",
            "war3mapImported/z_tt_se_qq_qun_941442872_sem_man_chui_zhan_shi_tt5"
        ],
        "mdx_sounds": [],
        "pickbound": [
            0.5421663522720337,
            1.5609838962554932
        ]
    },
    "preview_icon": {},
    "sub_type": "mdx",
    "res_type": "editor_model",
    "import_export_folder_info": "/code_explorer_custom_root_folder_name/\u91cd\u5236\u7248"
}