{
    "editor_model": {
        "model_id": 134240639,
        "select_effect_scale": 1.0,
        "describe": "Mdx\\\u9759\u6b62\u9677\u9631",
        "name": "\u9759\u6b62\u9677\u9631",
        "key": 134240639,
        "socket_info": {},
        "size": 1.0,
        "version": 1,
        "sub_type": "mdx",
        "custom_editor_type": "custom_editor_model",
        "uid": "editor_model_134240639",
        "res_type": "kkres",
        "md5": "da8b6fa1e67f619b2d4cb102ac044f7e"
    },
    "model": {
        "meshes": [],
        "mdx_path": "Mdx\\\u9759\u6b62\u9677\u9631.mdx",
        "model_id": 134240639,
        "name": "Mdx\\\u9759\u6b62\u9677\u9631",
        "physics_meshes": [
            "custom_editor_model/mdx/AutoPhy_\u9759\u6b62\u9677\u9631.mdx"
        ],
        "mdx_textures": [
            "Textures/Shockwave4",
            "Textures/Red_Glow2",
            "units/Orc/StasisTotem/Zap3",
            "Textures/Wards1",
            "Textures/Shockwave1",
            "Textures/Red_star3",
            "Textures/Red_star2",
            "Textures/Zap1_Red",
            "Textures/Dust5A"
        ],
        "mdx_sounds": [
            "sound/Units/Orc/StasisTotem//StasisTotem.wav",
            "sound/Units/Orc/StasisTotem//StasisTrapBirth.wav",
            "sound/Units/Orc/SentryWard//SentryWardDeath1.wav"
        ],
        "pickbound": [
            1.2399182319641113,
            2.63948130607605
        ]
    },
    "preview_icon": {},
    "sub_type": "mdx",
    "res_type": "editor_model",
    "import_export_folder_info": "/code_explorer_custom_root_folder_name/\u517d\u65cf/\u751f\u7269"
}