{
    "editor_model": {
        "model_id": 134249631,
        "select_effect_scale": 1.0,
        "describe": "Mdx\\\u683c\u7f57\u59c6\u5730\u72f1\u5486\u54ee2",
        "name": "\u683c\u7f57\u59c6\u5730\u72f1\u5486\u54ee2",
        "key": 134249631,
        "socket_info": {},
        "size": 1.0,
        "version": 1,
        "sub_type": "mdx",
        "custom_editor_type": "custom_editor_model",
        "uid": "editor_model_134249631",
        "res_type": "kkres",
        "md5": "387759122de8ff744e3a5cb059644355"
    },
    "model": {
        "meshes": [],
        "mdx_path": "Mdx\\\u683c\u7f57\u59c6\u5730\u72f1\u5486\u54ee2.mdx",
        "model_id": 134249631,
        "name": "Mdx\\\u683c\u7f57\u59c6\u5730\u72f1\u5486\u54ee2",
        "physics_meshes": [
            "custom_editor_model/mdx/AutoPhy_\u683c\u7f57\u59c6\u5730\u72f1\u5486\u54ee2.mdx"
        ],
        "mdx_textures": [
            "Textures/HellscreamChaos",
            "Textures/Tornado2b",
            "Textures/Tornado1",
            "Textures/RibbonBlur1",
            "Textures/Flame4"
        ],
        "mdx_sounds": [
            "sound/Units/Orc/HeroBladeMaster//CriticalStrike.wav",
            "sound/Units/Orc/HeroBladeMaster//HeroBladeMasterDeath.wav",
            "sound/Units/Orc/HeroBladeMaster//HeroBladeMasterAttack1.wav",
            "sound/Units/Orc/HeroBladeMaster//HeroBladeMasterAttack2.wav",
            "sound/Units/Orc/HeroBladeMaster//BladeMasterWhirlwind.wav",
            "sound/Sound/Units/Orc//OrcDissipate1.wav"
        ],
        "pickbound": [
            1.6459472179412842,
            2.272439956665039
        ]
    },
    "preview_icon": {},
    "sub_type": "mdx",
    "res_type": "editor_model",
    "import_export_folder_info": "/code_explorer_custom_root_folder_name/\u517d\u65cf/\u751f\u7269"
}