{
    "Format": "wav",
    "IsCustom": true,
    "SoundPath": "134236756",
    "custom_editor_type": "custom_editor_sound",
    "describe": "",
    "key": 134236756,
    "md5": "fd93040064f30e055f23d0869413a8ab",
    "name": "HeroMountainKingAttack1",
    "res_name": "HeroMountainKingAttack1.wav",
    "source": "code_Source_Import",
    "sub_type": "sound",
    "uid": 134236756,
    "version": 1,
    "res_type": "editor_sound",
    "import_export_folder_info": "/code_explorer_custom_root_folder_name/\u5c71\u4e18\u4e4b\u738b"
}