{
    "editor_model": {
        "model_id": 134271388,
        "select_effect_scale": 1.0,
        "describe": "Mdx\\sem_bo_ke_tuo_shou",
        "name": "sem_bo_ke_tuo_shou",
        "key": 134271388,
        "socket_info": {},
        "size": 1.0,
        "version": 1,
        "sub_type": "mdx",
        "custom_editor_type": "custom_editor_model",
        "uid": "editor_model_134271388",
        "res_type": "kkres",
        "md5": "49ec3cdfed76d28df26a7d393a6fb0ce"
    },
    "model": {
        "meshes": [],
        "mdx_path": "Mdx\\sem_bo_ke_tuo_shou.mdx",
        "model_id": 134271388,
        "name": "Mdx\\sem_bo_ke_tuo_shou",
        "physics_meshes": [
            "custom_editor_model/mdx/AutoPhy_sem_bo_ke_tuo_shou.mdx"
        ],
        "mdx_textures": [
            "Textures/gutz",
            "war3mapImported/z_tt_se_qq_qun_941442872_sem_bo_ke_tuo_shou_tt1"
        ],
        "mdx_sounds": [
            "sound/Units/Orc/KotoBeast//KodoDrum1.wav",
            "sound/Units/Orc/KotoBeast//KodoDrum2.wav",
            "sound/Units/Orc/KotoBeast//Devour.wav",
            "sound/Units/Orc/KotoBeast//KodoBeastDeath.wav",
            "sound/Units/Orc/KotoBeast//KodoBeastPuke1.wav",
            "sound/Sound/Units/Footsteps//Step1.wav",
            "sound/Sound/Units/Footsteps//Step1.wav"
        ],
        "pickbound": [
            1.5268803834915161,
            1.997628927230835
        ]
    },
    "preview_icon": {},
    "sub_type": "mdx",
    "res_type": "editor_model",
    "import_export_folder_info": "/code_explorer_custom_root_folder_name/\u91cd\u5236\u7248"
}