{
    "editor_model": {
        "model_id": 134239017,
        "select_effect_scale": 1.0,
        "describe": "Mdx\\\u7c73\u7eb1\u718a",
        "name": "\u7c73\u7eb1\u718a",
        "key": 134239017,
        "socket_info": {},
        "size": 1.0,
        "version": 1,
        "sub_type": "mdx",
        "custom_editor_type": "custom_editor_model",
        "uid": "editor_model_134239017",
        "res_type": "kkres",
        "md5": "cd3fdc8e22705d1c95c3ccf47e013cbe"
    },
    "model": {
        "meshes": [],
        "mdx_path": "Mdx\\\u7c73\u7eb1\u718a.mdx",
        "model_id": 134239017,
        "name": "Mdx\\\u7c73\u7eb1\u718a",
        "physics_meshes": [
            "custom_editor_model/mdx/AutoPhy_\u7c73\u7eb1\u718a.mdx"
        ],
        "mdx_textures": [
            "units/Creeps/GrizzlyBear/BrownBear",
            "Textures/gutz"
        ],
        "mdx_sounds": [
            "sound/Units/Creeps/GrizzlyBear//GrizzlyBearDeath1.wav",
            "sound/Units/Creeps/GrizzlyBear//BearDeathSwim1.wav"
        ],
        "pickbound": [
            0.7686178088188171,
            1.4639285802841187
        ]
    },
    "preview_icon": {},
    "sub_type": "mdx",
    "res_type": "editor_model",
    "import_export_folder_info": "/code_explorer_custom_root_folder_name/\u517d\u65cf/\u751f\u7269"
}