{
    "editor_model": {
        "model_id": 134234641,
        "select_effect_scale": 1.0,
        "describe": "Mdx\\\u76d1\u72f1\u5c0f\u5352",
        "name": "\u76d1\u72f1\u5c0f\u5352",
        "key": 134234641,
        "socket_info": {},
        "size": 1.0,
        "version": 1,
        "sub_type": "mdx",
        "custom_editor_type": "custom_editor_model",
        "uid": "editor_model_134234641",
        "res_type": "kkres",
        "md5": "b28bcb3d0c543bfe31357410bc6d39f4"
    },
    "model": {
        "meshes": [],
        "mdx_path": "Mdx\\\u76d1\u72f1\u5c0f\u5352.mdx",
        "model_id": 134234641,
        "name": "Mdx\\\u76d1\u72f1\u5c0f\u5352",
        "physics_meshes": [
            "custom_editor_model/mdx/AutoPhy_\u76d1\u72f1\u5c0f\u5352.mdx"
        ],
        "mdx_textures": [
            "Textures/Bandit",
            "Textures/gutz"
        ],
        "mdx_sounds": [
            "sound/Units/Creeps/Bandit//BanditDeath1.wav"
        ],
        "pickbound": [
            0.39025330543518066,
            0.9883726239204407
        ]
    },
    "preview_icon": {},
    "sub_type": "mdx",
    "res_type": "editor_model",
    "import_export_folder_info": "/code_explorer_custom_root_folder_name/\u4eba\u65cf/\u751f\u7269"
}