{
    "editor_model": {
        "model_id": 134226811,
        "select_effect_scale": 1.0,
        "describe": "Mdx\\\u5c3c\u79d1\u62c9\u65af\u5927\u4eba",
        "name": "\u5c3c\u79d1\u62c9\u65af\u5927\u4eba",
        "key": 134226811,
        "socket_info": {},
        "size": 1.0,
        "version": 1,
        "sub_type": "mdx",
        "custom_editor_type": "custom_editor_model",
        "uid": "editor_model_134226811",
        "res_type": "kkres",
        "md5": "9ffffc888b3351a2156f1bfc01d55bba"
    },
    "model": {
        "meshes": [],
        "mdx_path": "Mdx\\\u5c3c\u79d1\u62c9\u65af\u5927\u4eba.mdx",
        "model_id": 134226811,
        "name": "Mdx\\\u5c3c\u79d1\u62c9\u65af\u5927\u4eba",
        "physics_meshes": [
            "custom_editor_model/mdx/AutoPhy_\u5c3c\u79d1\u62c9\u65af\u5927\u4eba.mdx"
        ],
        "mdx_textures": [
            "units/Human/HeroPaladinBoss/HeropaladinBoss",
            "Textures/RibbonBlur1",
            "Textures/Yellow_Star_Dim"
        ],
        "mdx_sounds": [
            "sound/Units/Human/HeroPaladin//HeroPaladinDeath.wav",
            "sound/Units/Human/HeroPaladin//HeroPaladinAttack1.wav",
            "sound/Units/Human/HeroPaladin//HeroPaladinAttack2.wav",
            "sound/Sound/Units/Human//HumanDissipate1.wav"
        ],
        "pickbound": [
            1.4213745594024658,
            1.185590386390686
        ]
    },
    "preview_icon": {},
    "sub_type": "mdx",
    "res_type": "editor_model",
    "import_export_folder_info": "/code_explorer_custom_root_folder_name/\u4eba\u65cf/\u751f\u7269"
}