{
    "editor_model": {
        "model_id": 134237210,
        "select_effect_scale": 1.0,
        "describe": "Mdx\\\u4eba\u65cf\u6218\u8230",
        "name": "\u4eba\u65cf\u6218\u8230",
        "key": 134237210,
        "socket_info": {},
        "size": 1.0,
        "version": 1,
        "sub_type": "mdx",
        "custom_editor_type": "custom_editor_model",
        "uid": "editor_model_134237210",
        "res_type": "kkres",
        "md5": "741903d9cb7bcd02765193b449ded61b"
    },
    "model": {
        "meshes": [],
        "mdx_path": "Mdx\\\u4eba\u65cf\u6218\u8230.mdx",
        "model_id": 134237210,
        "name": "Mdx\\\u4eba\u65cf\u6218\u8230",
        "physics_meshes": [
            "custom_editor_model/mdx/AutoPhy_\u4eba\u65cf\u6218\u8230.mdx"
        ],
        "mdx_textures": [
            "units/Creeps/HumanBattleship/HumanBattleShip",
            "Textures/WaterWake2"
        ],
        "mdx_sounds": [
            "sound/Doodads/Northrend/Water/Battleship//BattleShipDeath1.wav"
        ],
        "pickbound": [
            1.0008065700531006,
            3.9056200981140137
        ]
    },
    "preview_icon": {},
    "sub_type": "mdx",
    "res_type": "editor_model",
    "import_export_folder_info": "/code_explorer_custom_root_folder_name/\u4eba\u65cf/\u5efa\u7b51"
}