{
    "Format": "wav",
    "IsCustom": true,
    "SoundPath": "134234204",
    "custom_editor_type": "custom_editor_sound",
    "describe": "",
    "key": 134234204,
    "md5": "ee4ac825ebb264ccf55372d931e68197",
    "name": "HeroMountainKingDeath",
    "res_name": "HeroMountainKingDeath.wav",
    "source": "code_Source_Import",
    "sub_type": "sound",
    "uid": 134234204,
    "version": 1,
    "res_type": "editor_sound",
    "import_export_folder_info": "/code_explorer_custom_root_folder_name/\u5c71\u4e18\u4e4b\u738b"
}