{
    "editor_model": {
        "model_id": 134236819,
        "select_effect_scale": 1.0,
        "describe": "Mdx\\\u963f\u5c14\u585e\u65af",
        "name": "\u963f\u5c14\u585e\u65af",
        "key": 134236819,
        "socket_info": {},
        "size": 1.0,
        "version": 1,
        "sub_type": "mdx",
        "custom_editor_type": "custom_editor_model",
        "uid": "editor_model_134236819",
        "res_type": "kkres",
        "md5": "dcaafac393c141373c79665544868ee2"
    },
    "model": {
        "meshes": [],
        "mdx_path": "Mdx\\\u963f\u5c14\u585e\u65af.mdx",
        "model_id": 134236819,
        "name": "Mdx\\\u963f\u5c14\u585e\u65af",
        "physics_meshes": [
            "custom_editor_model/mdx/AutoPhy_\u963f\u5c14\u585e\u65af.mdx"
        ],
        "mdx_textures": [
            "Textures/Arthas",
            "Textures/RibbonBlur1",
            "Textures/Yellow_Star_Dim"
        ],
        "mdx_sounds": [
            "sound/Units/Human/HeroPaladin//HeroPaladinDeath.wav",
            "sound/Units/Human/HeroPaladin//HeroPaladinAttack1.wav",
            "sound/Units/Human/HeroPaladin//HeroPaladinAttack2.wav",
            "sound/Sound/Units/Human//HumanDissipate1.wav",
            "sound/Sound/Units/Footsteps//HeroStep1.wav",
            "sound/Sound/Units/Footsteps//HeroStep1.wav"
        ],
        "pickbound": [
            1.6256284713745117,
            1.6039440631866455
        ]
    },
    "preview_icon": {},
    "sub_type": "mdx",
    "res_type": "editor_model",
    "import_export_folder_info": "/code_explorer_custom_root_folder_name/\u4eba\u65cf/\u751f\u7269"
}