{
    "Format": "wav",
    "IsCustom": true,
    "SoundPath": "134230890",
    "custom_editor_type": "custom_editor_sound",
    "describe": "",
    "key": 134230890,
    "md5": "56479db1efd7f850039367216cdcbfe9",
    "name": "HeroMountainKingWarcry1",
    "res_name": "HeroMountainKingWarcry1.wav",
    "source": "code_Source_Import",
    "sub_type": "sound",
    "uid": 134230890,
    "version": 1,
    "res_type": "editor_sound",
    "import_export_folder_info": "/code_explorer_custom_root_folder_name/\u5c71\u4e18\u4e4b\u738b"
}