{
    "editor_model": {
        "model_id": 134252519,
        "select_effect_scale": 1.0,
        "describe": "Mdx\\\u517d\u7a74",
        "name": "\u517d\u7a74",
        "key": 134252519,
        "socket_info": {},
        "size": 1.0,
        "version": 1,
        "sub_type": "mdx",
        "custom_editor_type": "custom_editor_model",
        "uid": "editor_model_134252519",
        "res_type": "kkres",
        "md5": "3a922c90167ef770fae03475d618449e"
    },
    "model": {
        "meshes": [],
        "mdx_path": "Mdx\\\u517d\u7a74.mdx",
        "model_id": 134252519,
        "name": "Mdx\\\u517d\u7a74",
        "physics_meshes": [
            "custom_editor_model/mdx/AutoPhy_\u517d\u7a74.mdx"
        ],
        "mdx_textures": [
            "Textures/NightElfBase",
            "Textures/BearDen",
            "ReplaceableTextures/TeamGlow/TeamGlow00",
            "Textures/Yellow_Glow"
        ],
        "mdx_sounds": [
            "sound/Sound/Buildings/Death//NightElfBuildingDeathSmall1.wav"
        ],
        "pickbound": [
            1.5624277591705322,
            2.9066600799560547
        ]
    },
    "preview_icon": {},
    "sub_type": "mdx",
    "res_type": "editor_model",
    "import_export_folder_info": "/code_explorer_custom_root_folder_name/\u7cbe\u7075\u65cf/\u5efa\u7b51"
}