{
    "editor_model": {
        "model_id": 134268200,
        "select_effect_scale": 1.0,
        "describe": "Mdx\\\u7cbe\u7075\u9f99",
        "name": "\u7cbe\u7075\u9f99",
        "key": 134268200,
        "socket_info": {},
        "size": 1.0,
        "version": 1,
        "sub_type": "mdx",
        "custom_editor_type": "custom_editor_model",
        "uid": "editor_model_134268200",
        "res_type": "kkres",
        "md5": "bed5bcfdb5f5aeecd50dbcffdaf6ce2a"
    },
    "model": {
        "meshes": [],
        "mdx_path": "Mdx\\\u7cbe\u7075\u9f99.mdx",
        "model_id": 134268200,
        "name": "Mdx\\\u7cbe\u7075\u9f99",
        "physics_meshes": [
            "custom_editor_model/mdx/AutoPhy_\u7cbe\u7075\u9f99.mdx"
        ],
        "mdx_textures": [
            "units/NightElf/FaerieDragon/FaerieDragon",
            "Textures/Yellow_Glow3",
            "Textures/lensflare1A",
            "Textures/CrystalBall",
            "Textures/star4_32",
            "Textures/Star8b",
            "Textures/Rune1"
        ],
        "mdx_sounds": [
            "sound/Units/NightElf/FaerieDragon//FaerieDragonDeath1.wav"
        ],
        "pickbound": [
            0.6941129565238953,
            1.1437150239944458
        ]
    },
    "preview_icon": {},
    "sub_type": "mdx",
    "res_type": "editor_model",
    "import_export_folder_info": "/code_explorer_custom_root_folder_name/\u7cbe\u7075\u65cf/\u751f\u7269"
}