{
    "134277992": {
        "editor_effect": {
            "model_id": 134237652,
            "preview_icon": "",
            "name": "\u725b\u5934\u5730\u9707",
            "describe": "134277992",
            "key": 134277992,
            "res_type": "kkres",
            "res_identify": "",
            "scale": 1.0,
            "uid": "134277992",
            "source_effect": [
                100098
            ],
            "version": 1,
            "md5": "fc4d86939dda817a29b246935a1cc429",
            "deps_info": {
                "deps": [
                    [
                        "editor_icon",
                        900163
                    ],
                    [
                        "editor_icon",
                        900944
                    ],
                    [
                        "editor_icon",
                        900507
                    ],
                    [
                        "editor_icon",
                        901260
                    ],
                    [
                        "editor_icon",
                        902084
                    ],
                    [
                        "editor_icon",
                        900602
                    ],
                    [
                        "editor_icon",
                        901322
                    ],
                    [
                        "editor_icon",
                        900478
                    ],
                    [
                        "editor_icon",
                        901288
                    ],
                    [
                        "editor_icon",
                        900807
                    ],
                    [
                        "editor_icon",
                        901868
                    ],
                    [
                        "editor_icon",
                        901307
                    ],
                    [
                        "editor_icon",
                        900700
                    ],
                    [
                        "editor_icon",
                        900476
                    ],
                    [
                        "editor_icon",
                        900691
                    ],
                    [
                        "editor_icon",
                        901812
                    ]
                ],
                "sound_id_list": [
                    134239751
                ]
            }
        },
        "model": {
            "name": "\u725b\u5934\u5730\u9707",
            "model_id": 134237652,
            "effect_path": "Fx_Effect/Cartoon/Fx_Skill/Fire/Fire_1001_skill_b_03_03_copy",
            "meshes": [],
            "custom": true,
            "effect_keep": false,
            "effect_max_life": 2.4800000982,
            "is_beam_effect": false
        }
    },
    "sub_type": null,
    "res_type": "editor_effect",
    "import_export_folder_info": "/code_explorer_custom_root_folder_name"
}