{
    "editor_model": {
        "model_id": 134229460,
        "select_effect_scale": 1.0,
        "describe": "Mdx\\\u5973\u730e\u624b",
        "name": "\u5973\u730e\u624b",
        "key": 134229460,
        "socket_info": {},
        "size": 1.0,
        "version": 1,
        "sub_type": "mdx",
        "custom_editor_type": "custom_editor_model",
        "uid": "editor_model_134229460",
        "res_type": "kkres",
        "md5": "643e8c4fff0a85c0d8a93847c69a3126"
    },
    "model": {
        "meshes": [],
        "mdx_path": "Mdx\\\u5973\u730e\u624b.mdx",
        "model_id": 134229460,
        "name": "Mdx\\\u5973\u730e\u624b",
        "physics_meshes": [
            "custom_editor_model/mdx/AutoPhy_\u5973\u730e\u624b.mdx"
        ],
        "mdx_textures": [
            "Textures/Sentinel",
            "Textures/gutz",
            "Textures/Dust3x"
        ],
        "mdx_sounds": [
            "sound/Units/NightElf/Huntress//SentinelDeath1.wav"
        ],
        "pickbound": [
            0.49254506826400757,
            1.280081033706665
        ]
    },
    "preview_icon": {},
    "sub_type": "mdx",
    "res_type": "editor_model",
    "import_export_folder_info": "/code_explorer_custom_root_folder_name/\u7cbe\u7075\u65cf/\u751f\u7269"
}