{
    "editor_model": {
        "model_id": 134219721,
        "select_effect_scale": 1.0,
        "describe": "Mdx\\\u8840\u7cbe\u7075\u4e2d\u5c09",
        "name": "\u8840\u7cbe\u7075\u4e2d\u5c09",
        "key": 134219721,
        "socket_info": {},
        "size": 1.0,
        "version": 1,
        "sub_type": "mdx",
        "custom_editor_type": "custom_editor_model",
        "uid": "editor_model_134219721",
        "res_type": "kkres",
        "md5": "cbfdd6e10da0f5475e0c2e2e0c9b8aeb"
    },
    "model": {
        "meshes": [],
        "mdx_path": "Mdx\\\u8840\u7cbe\u7075\u4e2d\u5c09.mdx",
        "model_id": 134219721,
        "name": "Mdx\\\u8840\u7cbe\u7075\u4e2d\u5c09",
        "physics_meshes": [
            "custom_editor_model/mdx/AutoPhy_\u8840\u7cbe\u7075\u4e2d\u5c09.mdx"
        ],
        "mdx_textures": [
            "units/Other/BloodElfLieutenant/BloodElfLieutenant",
            "Textures/gutz"
        ],
        "mdx_sounds": [
            "sound/Units/Human/Footman//FootmanDeath.wav"
        ],
        "pickbound": [
            0.4026864171028137,
            1.0997933149337769
        ]
    },
    "preview_icon": {},
    "sub_type": "mdx",
    "res_type": "editor_model",
    "import_export_folder_info": "/code_explorer_custom_root_folder_name/\u4eba\u65cf/\u751f\u7269"
}