{
    "editor_model": {
        "model_id": 134224757,
        "select_effect_scale": 1.0,
        "describe": "Mdx\\\u65e0\u4eba\u4e4b\u9a6c",
        "name": "\u65e0\u4eba\u4e4b\u9a6c",
        "key": 134224757,
        "socket_info": {},
        "size": 1.0,
        "version": 1,
        "sub_type": "mdx",
        "custom_editor_type": "custom_editor_model",
        "uid": "editor_model_134224757",
        "res_type": "kkres",
        "md5": "934f8e4aeb7f53d1daab2b65ca50aa6a"
    },
    "model": {
        "meshes": [],
        "mdx_path": "Mdx\\\u65e0\u4eba\u4e4b\u9a6c.mdx",
        "model_id": 134224757,
        "name": "Mdx\\\u65e0\u4eba\u4e4b\u9a6c",
        "physics_meshes": [
            "custom_editor_model/mdx/AutoPhy_\u65e0\u4eba\u4e4b\u9a6c.mdx"
        ],
        "mdx_textures": [
            "Textures/Knight",
            "Textures/gutz",
            "Textures/Dust3x"
        ],
        "mdx_sounds": [
            "sound/Units/Human/KnightNoRider//KnightNoRiderDeath1.wav"
        ],
        "pickbound": [
            0.3360305726528168,
            1.2027778625488281
        ]
    },
    "preview_icon": {},
    "sub_type": "mdx",
    "res_type": "editor_model",
    "import_export_folder_info": "/code_explorer_custom_root_folder_name/\u4eba\u65cf/\u751f\u7269"
}