{
    "editor_model": {
        "model_id": 134239159,
        "select_effect_scale": 1.0,
        "describe": "Mdx\\\u98ce\u66b4\u70c8\u9152",
        "name": "\u98ce\u66b4\u70c8\u9152",
        "key": 134239159,
        "socket_info": {},
        "size": 1.0,
        "version": 1,
        "sub_type": "mdx",
        "custom_editor_type": "custom_editor_model",
        "uid": "editor_model_134239159",
        "res_type": "kkres",
        "md5": "91173abc1466a0ad8b12e1cd22ca636d"
    },
    "model": {
        "meshes": [],
        "mdx_path": "Mdx\\\u98ce\u66b4\u70c8\u9152.mdx",
        "model_id": 134239159,
        "name": "Mdx\\\u98ce\u66b4\u70c8\u9152",
        "physics_meshes": [
            "custom_editor_model/mdx/AutoPhy_\u98ce\u66b4\u70c8\u9152.mdx"
        ],
        "mdx_textures": [
            "units/Creeps/PandarenBrewmaster/PandarenBrewMaster",
            "Textures/RibbonBlur1"
        ],
        "mdx_sounds": [
            "sound/Units/Creeps/PandarenBrewmaster//BrewMasterDeath1.wav",
            "sound/Units/Creeps/PandarenBrewmaster//PandarenBrewmasterAttackEffort1.wav",
            "sound/Units/Creeps/PandarenBrewmaster//PandarenBrewmasterAttackEffort2.wav",
            "sound/Sound/Units/Human//HumanDissipate1.wav"
        ],
        "pickbound": [
            1.8659796714782715,
            3.3229780197143555
        ]
    },
    "preview_icon": {},
    "sub_type": "mdx",
    "res_type": "editor_model",
    "import_export_folder_info": "/code_explorer_custom_root_folder_name/\u517d\u65cf/\u751f\u7269"
}