{
    "editor_model": {
        "model_id": 134228402,
        "select_effect_scale": 1.0,
        "describe": "Mdx\\\u5730\u7cbe\u7206\u7834\u5de5",
        "name": "\u5730\u7cbe\u7206\u7834\u5de5",
        "key": 134228402,
        "socket_info": {},
        "size": 1.0,
        "version": 1,
        "sub_type": "mdx",
        "custom_editor_type": "custom_editor_model",
        "uid": "editor_model_134228402",
        "res_type": "kkres",
        "md5": "964bea4c46dc0348a9aae310a1675218"
    },
    "model": {
        "meshes": [],
        "mdx_path": "Mdx\\\u5730\u7cbe\u7206\u7834\u5de5.mdx",
        "model_id": 134228402,
        "name": "Mdx\\\u5730\u7cbe\u7206\u7834\u5de5",
        "physics_meshes": [
            "custom_editor_model/mdx/AutoPhy_\u5730\u7cbe\u7206\u7834\u5de5.mdx"
        ],
        "mdx_textures": [
            "units/Creeps/IronGolem/IronGolem",
            "Textures/Green_Glow2",
            "Textures/Clouds8x8Grey",
            "Textures/Dust5A",
            "Textures/Flame4",
            "Textures/Dust3x",
            "Textures/Clouds8x8Black"
        ],
        "mdx_sounds": [
            "sound/Units/Creeps/IronGolem//IronGolemAttack1.wav",
            "sound/Units/Creeps/IronGolem//IronGolemDeath1.wav",
            "sound/Sound/Units/Footsteps//Step1.wav",
            "sound/Sound/Units/Footsteps//Step1.wav"
        ],
        "pickbound": [
            0.8306273818016052,
            1.505570888519287
        ]
    },
    "preview_icon": {},
    "sub_type": "mdx",
    "res_type": "editor_model",
    "import_export_folder_info": "/code_explorer_custom_root_folder_name/\u517d\u65cf/\u751f\u7269"
}