{
    "editor_model": {
        "model_id": 134231324,
        "select_effect_scale": 1.0,
        "describe": "Mdx\\\u6811\u4eba",
        "name": "\u6811\u4eba",
        "key": 134231324,
        "socket_info": {},
        "size": 1.0,
        "version": 1,
        "sub_type": "mdx",
        "custom_editor_type": "custom_editor_model",
        "uid": "editor_model_134231324",
        "res_type": "kkres",
        "md5": "f257bd715ed016ee00357f1b1f7b4ee2"
    },
    "model": {
        "meshes": [],
        "mdx_path": "Mdx\\\u6811\u4eba.mdx",
        "model_id": 134231324,
        "name": "Mdx\\\u6811\u4eba",
        "physics_meshes": [
            "custom_editor_model/mdx/AutoPhy_\u6811\u4eba.mdx"
        ],
        "mdx_textures": [
            "units/NightElf/Ent/GoodEnt"
        ],
        "mdx_sounds": [
            "sound/Units/Creeps/CorruptedEnt//EntDeath1.wav",
            "sound/Units/NightElf/Ent//ForceOfNatureBirth1.wav"
        ],
        "pickbound": [
            0.627034068107605,
            1.6276626586914062
        ]
    },
    "preview_icon": {},
    "sub_type": "mdx",
    "res_type": "editor_model",
    "import_export_folder_info": "/code_explorer_custom_root_folder_name/\u7cbe\u7075\u65cf/\u751f\u7269"
}