{
    "editor_model": {
        "model_id": 134242739,
        "select_effect_scale": 1.0,
        "describe": "Mdx\\\u9e70\u89d2\u517d\u9a91\u58eb",
        "name": "\u9e70\u89d2\u517d\u9a91\u58eb",
        "key": 134242739,
        "socket_info": {},
        "size": 1.0,
        "version": 1,
        "sub_type": "mdx",
        "custom_editor_type": "custom_editor_model",
        "uid": "editor_model_134242739",
        "res_type": "kkres",
        "md5": "6818ed3e99e599ae76c70029c8c16291"
    },
    "model": {
        "meshes": [],
        "mdx_path": "Mdx\\\u9e70\u89d2\u517d\u9a91\u58eb.mdx",
        "model_id": 134242739,
        "name": "Mdx\\\u9e70\u89d2\u517d\u9a91\u58eb",
        "physics_meshes": [
            "custom_editor_model/mdx/AutoPhy_\u9e70\u89d2\u517d\u9a91\u58eb.mdx"
        ],
        "mdx_textures": [
            "Textures/hippogryph",
            "Textures/Ranger"
        ],
        "mdx_sounds": [
            "sound/Units/NightElf/RiddenHippogryph//RiddenHippogryphDeath1.wav"
        ],
        "pickbound": [
            0.9525265097618103,
            1.769610047340393
        ]
    },
    "preview_icon": {},
    "sub_type": "mdx",
    "res_type": "editor_model",
    "import_export_folder_info": "/code_explorer_custom_root_folder_name/\u7cbe\u7075\u65cf/\u751f\u7269"
}