{
    "editor_model": {
        "model_id": 134232125,
        "select_effect_scale": 1.0,
        "describe": "Mdx\\\u6cd5\u91cc\u5965",
        "name": "\u6cd5\u91cc\u5965",
        "key": 134232125,
        "socket_info": {},
        "size": 1.0,
        "version": 1,
        "sub_type": "mdx",
        "custom_editor_type": "custom_editor_model",
        "uid": "editor_model_134232125",
        "res_type": "kkres",
        "md5": "bb8c1439a258a70a7984663dfa68a373"
    },
    "model": {
        "meshes": [],
        "mdx_path": "Mdx\\\u6cd5\u91cc\u5965.mdx",
        "model_id": 134232125,
        "name": "Mdx\\\u6cd5\u91cc\u5965",
        "physics_meshes": [
            "custom_editor_model/mdx/AutoPhy_\u6cd5\u91cc\u5965.mdx"
        ],
        "mdx_textures": [
            "units/NightElf/Furion/Furion"
        ],
        "mdx_sounds": [
            "sound/Units/NightElf/DruidOfTheTalon//DruidOfTheTalonDeath1.wav"
        ],
        "pickbound": [
            1.9985499382019043,
            3.225741147994995
        ]
    },
    "preview_icon": {},
    "sub_type": "mdx",
    "res_type": "editor_model",
    "import_export_folder_info": "/code_explorer_custom_root_folder_name/\u7cbe\u7075\u65cf/\u751f\u7269"
}