{
    "134234953": {
        "editor_effect": {
            "model_id": 134273629,
            "preview_icon": "",
            "name": "\u6697\u5f71\u730e\u624b\u5bfc\u5f39\u7206\u70b9",
            "describe": "134234953",
            "key": 134234953,
            "res_type": "kkres",
            "res_identify": "",
            "scale": 1.0,
            "uid": "134234953",
            "source_effect": [
                100794
            ],
            "version": 1,
            "md5": "07f0742a15a46c31a24a8edb772920f4",
            "deps_info": {
                "deps": [
                    [
                        "editor_icon",
                        902156
                    ],
                    [
                        "editor_icon",
                        901307
                    ],
                    [
                        "editor_icon",
                        901868
                    ]
                ],
                "sound_id_list": [
                    134251723
                ]
            }
        },
        "model": {
            "name": "\u6697\u5f71\u730e\u624b\u5bfc\u5f39\u7206\u70b9",
            "model_id": 134273629,
            "effect_path": "Fx_Effect/Cartoon/Fx_Common/Hit/Hit_hit_common_02_copy",
            "meshes": [],
            "custom": true,
            "effect_keep": false,
            "effect_max_life": 0.399999999,
            "is_beam_effect": false
        }
    },
    "sub_type": null,
    "res_type": "editor_effect",
    "import_export_folder_info": "/code_explorer_custom_root_folder_name"
}