{
    "editor_model": {
        "model_id": 134258961,
        "select_effect_scale": 1.0,
        "describe": "Mdx\\sem_shi_ren_mo_2",
        "name": "sem_shi_ren_mo_2",
        "key": 134258961,
        "socket_info": {},
        "size": 1.0,
        "version": 1,
        "sub_type": "mdx",
        "custom_editor_type": "custom_editor_model",
        "uid": "editor_model_134258961",
        "res_type": "kkres",
        "md5": "35bb46a8c00b73d74d68725237791f76"
    },
    "model": {
        "meshes": [],
        "mdx_path": "Mdx\\sem_shi_ren_mo_2.mdx",
        "model_id": 134258961,
        "name": "Mdx\\sem_shi_ren_mo_2",
        "physics_meshes": [
            "custom_editor_model/mdx/AutoPhy_sem_shi_ren_mo_2.mdx"
        ],
        "mdx_textures": [
            "war3mapImported/z_tt_se_qq_qun_941442872_sem_shi_ren_mo_2_tt1",
            "war3mapImported/z_tt_se_qq_qun_941442872_sem_shi_ren_mo_2_tt2",
            "war3mapImported/z_tt_se_qq_qun_941442872_sem_shi_ren_mo_2_tt3",
            "war3mapImported/z_tt_se_qq_qun_941442872_sem_shi_ren_mo_2_tt4",
            "war3mapImported/z_tt_se_qq_qun_941442872_sem_shi_ren_mo_2_tt5",
            "war3mapImported/z_tt_se_qq_qun_941442872_sem_shi_ren_mo_2_tt6"
        ],
        "mdx_sounds": [],
        "pickbound": [
            0.30050399899482727,
            1.4443905353546143
        ]
    },
    "preview_icon": {},
    "sub_type": "mdx",
    "res_type": "editor_model",
    "import_export_folder_info": "/code_explorer_custom_root_folder_name/\u91cd\u5236\u7248"
}