{
    "editor_model": {
        "model_id": 134262325,
        "select_effect_scale": 1.0,
        "describe": "Mdx\\\u5175\u8425",
        "name": "\u5175\u8425",
        "key": 134262325,
        "socket_info": {},
        "size": 1.0,
        "version": 1,
        "sub_type": "mdx",
        "custom_editor_type": "custom_editor_model",
        "uid": "editor_model_134262325",
        "res_type": "kkres",
        "md5": "316656279e9dc35a6ec79a43956c60d3"
    },
    "model": {
        "meshes": [],
        "mdx_path": "Mdx\\\u5175\u8425.mdx",
        "model_id": 134262325,
        "name": "Mdx\\\u5175\u8425",
        "physics_meshes": [
            "custom_editor_model/mdx/AutoPhy_\u5175\u8425.mdx"
        ],
        "mdx_textures": [
            "Textures/Garrison",
            "Textures/DeathSmug",
            "Textures/Doodads0",
            "Textures/HumanBase",
            "Textures/Clouds8x8Fire",
            "Textures/Dust5A",
            "Textures/RockParticle",
            "Textures/SpinningBoard",
            "Textures/CartoonCloud",
            "Textures/Dust3x",
            "Textures/Yellow_Glow",
            "Textures/CloudSingle"
        ],
        "mdx_sounds": [
            "sound/Sound/Buildings/Death//BuildingDeathLargeHuman.wav"
        ],
        "pickbound": [
            1.9055720567703247,
            3.7033801078796387
        ]
    },
    "preview_icon": {},
    "sub_type": "mdx",
    "res_type": "editor_model",
    "import_export_folder_info": "/code_explorer_custom_root_folder_name/\u4eba\u65cf/\u5efa\u7b51"
}